q,poly,s
1,"{274.6237195771586,-21.131319688249448,275.21418290927335,-21.131319688249448,275.06656707624467,-20.855685187002763,274.7713354101873,-20.855685187002763}",0.2756345012466818
2,"{319.8405760931226,39.84928217046271,321.54358228725545,39.84928217046271,321.1178307387222,40.49990052267889,320.26632764165583,40.49990052267889}",0.6506183522161867
3,"{286.8259777280832,-2.7273517214385543,288.5325678738758,-2.7273517214385543,288.1059203374277,-1.8747446938521013,287.25262526453133,-1.8747446938521013}",0.8526070275864531
4,"{101.51268437577714,-1.7195123910723307,102.22008032787686,-1.7195123910723307,102.04323133985193,-1.3659426213681478,101.68953336380207,-1.3659426213681478}",0.3535697697041827
5,"{271.45214644302996,-28.23672028588803,274.592138754704,-28.23672028588803,273.80714067678554,-26.844631697666205,272.23714452094845,-26.844631697666205}",1.3920885882218241
6,"{36.317501490515035,52.08394152463641,36.55273799351496,52.08394152463641,36.49392886776498,52.15616019194534,36.376310616265016,52.15616019194534}",0.0722186673089344
7,"{176.34517400277866,19.23239523221453,179.24557876336422,19.23239523221453,178.52047757321785,20.595881464808038,177.07027519292504,20.595881464808038}",1.3634862325935053
8,"{103.4948894049299,-2.8275155621369907,104.0920790695141,-2.8275155621369907,103.94278165336806,-2.5292469214112265,103.64418682107595,-2.5292469214112265}",0.2982686407257642
9,"{265.4170685210198,-28.18102195560701,266.4640438386102,-28.18102195560701,266.20230000921265,-27.718594674251303,265.6788123504174,-27.718594674251303}",0.4624272813557111
10,"{136.3001675958422,-54.20884262911478,140.15483691647978,-54.20884262911478,139.19116958632037,-53.066141189899334,137.2638349260016,-53.066141189899334}",1.1427014392154484
11,"{258.6234819252431,-41.76855460627011,258.8815710019949,-41.76855460627011,258.817048732807,-41.67223559009806,258.688004194431,-41.67223559009806}",0.09631901617204008
12,"{27.097727396022133,61.42544002693504,27.909747524875865,61.42544002693504,27.706742492662432,61.61903279443522,27.300732428235566,61.61903279443522}",0.19359276750017887
13,"{197.06031409961975,-15.108154631617113,197.24487848146578,-15.108154631617113,197.19873738600427,-15.01904344698025,197.10645519508125,-15.01904344698025}",0.08911118463686393
14,"{219.75154957018034,-0.2295176527168455,221.69198001923675,-0.2295176527168455,221.20687240697265,0.7406879187896922,220.23665718244445,0.7406879187896922}",0.9702055715065377
15,"{286.40209539410154,-39.38317000224201,286.54405497599845,-39.38317000224201,286.5085650805242,-39.32828673927436,286.4375852895758,-39.32828673927436}",0.054883262967654806
16,"{37.64041139504879,-12.834958532092424,37.84509490170082,-12.834958532092424,37.79392402503781,-12.735154127153107,37.691582271711795,-12.735154127153107}",0.09980440493931747
17,"{155.0544971193832,-46.088152092645785,158.5012192179015,-46.088152092645785,157.63953869327193,-44.8798896077177,155.91617764401278,-44.8798896077177}",1.2082624849280788
18,"{80.68261335726172,-38.698926896646725,81.50610818231391,-38.698926896646725,81.30023447605086,-38.37685960300317,80.88848706352476,-38.37685960300317}",0.32206729364355907
19,"{57.80805962844054,-10.232216577147435,58.17804324482534,-10.232216577147435,58.085547340729136,-10.050114909148073,57.90055553253674,-10.050114909148073}",0.18210166799936184
20,"{159.3553343880789,-50.57066103582812,159.9197889429411,-50.57066103582812,159.77867530422554,-50.39106969333803,159.49644802679444,-50.39106969333803}",0.17959134249007772
21,"{358.8615525103271,-76.75904203176447,359.93396652836304,-76.75904203176447,359.66586302385406,-76.63566364116548,359.1296560148361,-76.63566364116548}",0.1233783905989926
22,"{74.14153378261727,44.99960893696986,74.38038143900073,44.99960893696986,74.32066952490487,45.08399270510109,74.20124569671313,45.08399270510109}",0.0843837681312331
23,"{134.93097394901682,-38.40426830251793,135.53394835113917,-38.40426830251793,135.38320475060857,-38.16762244267402,135.08171754954742,-38.16762244267402}",0.2366458598439023
24,"{81.42730139012549,24.375272169141617,82.29549259549252,24.375272169141617,82.07844479415077,24.77005373949963,81.64434919146724,24.77005373949963}",0.39478157035801287
25,"{262.94993104274266,-36.62635153953561,263.0974274817814,-36.62635153953561,263.0605533720217,-36.5671426838713,262.98680515250237,-36.5671426838713}",0.05920885566430815
26,"{237.2957990695103,-64.34220947122687,238.5293149807217,-64.34220947122687,238.22093600291885,-64.07385507511476,237.60417804731316,-64.07385507511476}",0.2683543961120891
27,"{237.56836747099695,-3.9756024703987456,238.07714558463087,-3.9756024703987456,237.9499510562224,-3.7217871161627216,237.6955619994054,-3.7217871161627216}",0.2538153542360238
28,"{8.098293414879866,-1.3888160517832042,8.551014744274287,-1.3888160517832042,8.437834411925682,-1.1625114893261261,8.211473747228471,-1.1625114893261261}",0.22630456245707828
29,"{18.106710458098657,-35.1836229229889,18.258341298553052,-35.1836229229889,18.220433588439455,-35.12163462782733,18.144618168212254,-35.12163462782733}",0.061988295161568376
30,"{36.39087631838467,-30.308852687152623,36.582225660085285,-30.308852687152623,36.53438832466013,-30.226220265445342,36.43871365380983,-30.226220265445342}",0.0826324217072833
31,"{152.4602334590665,-51.84802904370325,153.4370797613235,-51.84802904370325,153.19286818575927,-51.54529227666029,152.70444503463074,-51.54529227666029}",0.3027367670429576
32,"{281.25924659622825,-43.43228458415673,286.5047170059183,-43.43228458415673,285.1933494034958,-41.49751625188017,282.57061419865073,-41.49751625188017}",1.9347683322765676
33,"{274.1508361583467,-25.19362041950141,275.11752681466726,-25.19362041950141,274.8758541505871,-24.75547007687064,274.39250882242686,-24.75547007687064}",0.43815034263076863
34,"{37.9907934856806,-40.73100430297467,38.2898067147234,-40.73100430297467,38.2150534074627,-40.617614501952914,38.0655467929413,-40.617614501952914}",0.11338980102175213
35,"{245.98415527274818,-49.66581252584047,247.0603962970418,-49.66581252584047,246.7913360409684,-49.31626722308359,246.25321552882158,-49.31626722308359}",0.3495453027568754
36,"{334.3932548858565,-29.50929808988664,338.2464174311896,-29.50929808988664,337.28312679485634,-27.8188247278104,335.3565455221898,-27.8188247278104}",1.6904733620762422
37,"{217.59251831059896,-5.533914710959648,217.83729773759893,-5.533914710959648,217.77610288084892,-5.412082940826256,217.65371316734897,-5.412082940826256}",0.12183177013339183
38,"{167.22693477929334,-66.19096141493573,167.50329679755663,-66.19096141493573,167.4342062929908,-66.13511757244684,167.29602528385917,-66.13511757244684}",0.05584384248887226
39,"{53.815156050253485,19.548725236801086,55.944917303859334,19.548725236801086,55.412476990457876,20.549074498876376,54.347596363654944,20.549074498876376}",1.0003492620752876
40,"{62.50205041850791,-16.099622603403255,66.2137912006626,-16.099622603403255,65.28585600512392,-14.308712462264834,63.42998561404658,-14.308712462264834}",1.7909101411384216
41,"{259.63790976223333,-37.497808236863904,263.14286738241265,-37.497808236863904,262.2666279773678,-36.09447276595803,260.51414916727816,-36.09447276595803}",1.4033354709058707
42,"{124.2667789462468,12.460984822880386,126.19252625261439,12.460984822880386,125.71108942602248,13.399443207819141,124.7482157728387,13.399443207819141}",0.938458384938754
43,"{261.2945378195391,-34.741218308630415,262.34124043385896,-34.741218308630415,262.079564780279,-34.3100434393806,261.55621347311904,-34.3100434393806}",0.4311748692498105
44,"{318.5437179154432,-4.088534666520851,319.160109265638,-4.088534666520851,319.0060114280893,-3.781065475209191,318.6978157529919,-3.781065475209191}",0.3074691913116596
45,"{187.93059043682987,-62.46685375201415,195.28466702611613,-62.46685375201415,193.44614787879456,-60.7175243896091,189.76910958415144,-60.7175243896091}",1.7493293624050443
46,"{10.237932049411054,-52.349641590990984,10.870174003448234,-52.349641590990984,10.71211351493894,-52.15611943279285,10.395992537920348,-52.15611943279285}",0.19352215819812915
47,"{335.49431113332423,48.30742005919386,337.2584816272217,48.30742005919386,336.8174390037474,48.890763984648004,335.9353537567986,48.890763984648004}",0.5833439254541392
48,"{256.4522251857216,-41.666957521269495,260.69341025824434,-41.666957521269495,259.63311399011366,-40.0632550197727,257.5125214538523,-40.0632550197727}",1.603702501496804
49,"{57.7679769019208,76.9932118265804,65.23881414727806,76.9932118265804,63.37110483593875,77.8080286888128,59.635686213260115,77.8080286888128}",0.8148168622323917
50,"{216.66418770593884,-66.24673035372759,218.36989842321714,-66.24673035372759,217.94347074389756,-65.90084650879955,217.09061538525842,-65.90084650879955}",0.34588384492804986
51,"{117.27737638912852,-24.74150342077413,117.84342135538547,-24.74150342077413,117.70191011382123,-24.484195588239388,117.41888763069277,-24.484195588239388}",0.2573078325347454
52,"{226.44297093754216,-31.070795273254657,229.6347655340632,-31.070795273254657,228.83681688493294,-29.69406445437866,227.24091958667242,-29.69406445437866}",1.3767308188759957
53,"{253.2151513764978,-29.3545581582056,257.32708706108417,-29.3545581582056,256.2991031399376,-27.546895443768605,254.24313529764441,-27.546895443768605}",1.8076627144369934
54,"{187.58839548347504,-56.20160089095475,189.56942423451494,-56.20160089095475,189.07416704675495,-55.64662514133521,188.08365267123503,-55.64662514133521}",0.5549757496195398
55,"{269.544100522418,-23.529257341023396,269.833954321058,-23.529257341023396,269.761490871398,-23.396313160581805,269.616563972078,-23.396313160581805}",0.13294418044158926
56,"{242.396258285973,-11.05414498505867,246.153792241511,-11.05414498505867,245.21440875262653,-9.204662246901776,243.3356417748575,-9.204662246901776}",1.8494827381568943
57,"{176.72969826984897,22.24390710296928,177.64324013071732,22.24390710296928,177.41485466550023,22.66604564496788,176.95808373506605,22.66604564496788}",0.4221385419985961
58,"{72.6852878086822,47.67284050265652,78.4653240816038,47.67284050265652,77.0203150133734,49.582987412181005,74.1302968769126,49.582987412181005}",1.9101469095244872
59,"{85.19762398965757,29.00205717273884,85.89644592225643,29.00205717273884,85.72174043910671,29.307200609453428,85.3723294728073,29.307200609453428}",0.30514343671458777
60,"{248.5330524598957,-22.57361796796348,248.7508388880363,-22.57361796796348,248.69639228100115,-22.47303072855491,248.58749906693086,-22.47303072855491}",0.10058723940856563
61,"{300.6728236957589,34.978511373990216,301.3978647788671,34.978511373990216,301.21660450809003,35.27501006050407,300.85408396653594,35.27501006050407}",0.2964986865138504
62,"{240.48469377399022,-58.78982380391991,243.5362984598898,-58.78982380391991,242.7733972884149,-57.990097179859184,241.2475949454651,-57.990097179859184}",0.7997266240607306
63,"{289.79681111831553,11.299174360749529,290.2739360830965,11.299174360749529,290.1546548419013,11.533017029823352,289.91609235951074,11.533017029823352}",0.23384266907382453
64,"{168.7633585574989,-41.50705826974172,172.42128031962656,-41.50705826974172,171.50679987909464,-40.12285594976096,169.6778389980308,-40.12285594976096}",1.3842023199807538
65,"{259.5674473001934,-21.306755873461128,261.8731681892166,-21.306755873461128,261.2967379669608,-20.228802274678728,260.1438775224492,-20.228802274678728}",1.0779535987823987
66,"{99.92125774685263,-0.3106057884112079,103.48515956873936,-0.3106057884112079,102.59418411326769,1.4712537200952023,100.81223320232431,1.4712537200952023}",1.7818595085064102
67,"{268.7493643173055,-15.025606541544702,269.8361516751525,-15.025606541544702,269.56445483569075,-14.500151002074285,269.02106115676725,-14.500151002074285}",0.5254555394704189
68,"{76.08212587640801,39.426220917429745,76.69408368248398,39.426220917429745,76.54109423096499,39.66217156174956,76.235115327927,39.66217156174956}",0.23595064431981935
69,"{262.15685194572967,-38.51972108732696,262.8623378044833,-38.51972108732696,262.6859663397949,-38.24320789405661,262.33322341041804,-38.24320789405661}",0.27651319327034585
70,"{284.69064915513184,13.979857625793406,285.3866704750542,13.979857625793406,285.21266514507363,14.317311414010932,284.8646544851124,14.317311414010932}",0.3374537882175256
71,"{285.4679095961924,8.34266376753488,285.59828625266164,8.34266376753488,285.5656920885443,8.407156940958671,285.5005037603097,8.407156940958671}",0.06449317342379261
72,"{92.41185962113913,-37.78538559651735,94.10862074403654,-37.78538559651735,93.68443046331218,-37.11185719067469,92.83604990186349,-37.11185719067469}",0.6735284058426554
73,"{274.570141424494,-33.513881139613595,274.949441278656,-33.513881139613595,274.8546163151155,-33.35561564737875,274.66496638803454,-33.35561564737875}",0.1582654922348411
74,"{310.1374311853498,41.4405372894515,312.4741317581942,41.4405372894515,311.8899566149831,42.310487295449576,310.7216063285609,42.310487295449576}",0.8699500059980794
75,"{255.17710888353054,-49.513150360775924,256.51097642906547,-49.513150360775924,256.1775095426817,-49.07820577301521,255.51057576991425,-49.07820577301521}",0.43494458776071704
76,"{307.78911514789536,41.58941200973743,308.0498650123866,41.58941200973743,307.98467754626375,41.686848508421036,307.8543026140182,41.686848508421036}",0.09743649868360336
77,"{259.951860274798,-28.259073769159194,260.530429756214,-28.259073769159194,260.38578738586,-28.003962920635978,260.096502645152,-28.003962920635978}",0.255110848523219
78,"{277.4836293634337,-25.875805229385154,278.3007201880423,-25.875805229385154,278.09644748189015,-25.507648768338452,277.68790206958585,-25.507648768338452}",0.36815646104670263
79,"{232.48284402566392,-50.88609080149864,233.72068231159008,-50.88609080149864,233.41122274010854,-50.49399603190126,232.79230359714546,-50.49399603190126}",0.3920947695973849
80,"{136.0178251730625,-46.13605826146182,136.19934247650949,-46.13605826146182,136.15396315064774,-46.07313129101221,136.06320449892425,-46.07313129101221}",0.06292697044960986
81,"{241.89320017616316,-16.444423743686993,243.26258835350083,-16.444423743686993,242.9202413091664,-15.786635424844258,242.23554722049758,-15.786635424844258}",0.6577883188427359
82,"{165.70437960862856,-52.798917977419855,171.32725208707146,-52.798917977419855,169.92153396746073,-51.06540307605146,167.11009772823928,-51.06540307605146}",1.7335149013684008
83,"{297.4809846744675,35.54980813896055,299.66614490999456,35.54980813896055,299.1198548511128,36.433815788914266,298.02727473334926,36.433815788914266}",0.8840076499537183
84,"{341.3407593222056,-49.73587132863734,341.6459121205287,-49.73587132863734,341.5696239209479,-49.63715908878542,341.4170475217864,-49.63715908878542}",0.09871223985192268
85,"{302.165874397286,32.45263826440038,302.367286354776,32.45263826440038,302.3169333654035,32.53757744517576,302.21622738665855,32.53757744517576}",0.08493918077538272
86,"{82.53769739738262,35.692664678538044,82.7145621484754,35.692664678538044,82.67034596070219,35.7644534230888,82.58191358515582,35.7644534230888}",0.07178874455075375
87,"{22.106366758191623,17.24612504128834,22.277667800422375,17.24612504128834,22.234842539864687,17.3279065712106,22.14919201874931,17.3279065712106}",0.08178152992225703
88,"{254.1218853884255,-36.61536790322449,254.96544647837047,-36.61536790322449,254.75455620588423,-36.27607920691178,254.33277566091175,-36.27607920691178}",0.33928869631271086
89,"{309.90413995586044,-10.636760227047844,310.0427319737036,-10.636760227047844,310.0080839692428,-10.568647331933192,309.93878796032124,-10.568647331933192}",0.06811289511465358
90,"{254.25756849107594,-36.89024922170794,255.66389211667436,-36.89024922170794,255.31231121027474,-36.32579734370848,254.60914939747556,-36.32579734370848}",0.5644518779994531
91,"{256.48739000396824,-41.24342758288317,258.8179467858557,-41.24342758288317,258.23530759038385,-40.361349344092915,257.0700291994401,-40.361349344092915}",0.8820782387902498
92,"{57.734530584720275,68.1480653265922,60.25767443870572,68.1480653265922,59.62688847520936,68.61288066480869,58.36531654821663,68.61288066480869}",0.46481533821648496
93,"{132.64711073574946,-5.622515457599417,132.79347527520585,-5.622515457599417,132.75688414034175,-5.549680726985099,132.68370187061356,-5.549680726985099}",0.07283473061431724
94,"{82.2025845361926,21.451297685250037,82.32446837405939,21.451297685250037,82.2939974145927,21.508007045679175,82.2330554956593,21.508007045679175}",0.056709360429136456
95,"{267.0177494049499,-32.55325424693622,267.5390463158401,-32.55325424693622,267.40872208811754,-32.33328701517094,267.14807363267244,-32.33328701517094}",0.21996723176527933
96,"{246.74450722807578,21.814284177334887,247.19671370579974,21.814284177334887,247.08366208636875,22.024042741016462,246.85755884750677,22.024042741016462}",0.20975856368157397
97,"{44.33336797970365,-19.44587894460584,44.446640034342735,-19.44587894460584,44.418322020682965,-19.392464858204495,44.36168599336342,-19.392464858204495}",0.05341408640134778
98,"{291.33872021002276,19.896134040385487,291.77694533174326,19.896134040385487,291.66738905131314,20.10203369519049,291.4482764904529,20.10203369519049}",0.20589965480499983
99,"{102.52461540373233,-20.94508838211578,102.74312385177456,-20.94508838211578,102.688496739764,-20.84301855265097,102.57924251574288,-20.84301855265097}",0.1020698294648117
100,"{336.6705556737092,-59.72168753210756,338.1102778489388,-59.72168753210756,337.7503473051314,-59.35675508852837,337.03048621751657,-59.35675508852837}",0.3649324435791866
101,"{338.58380527594045,41.06304267488918,338.8113986851504,41.06304267488918,338.7545003328479,41.14878798195182,338.64070362824293,41.14878798195182}",0.08574530706264016
102,"{167.90500863791732,-27.116325466385995,169.87584997912268,-27.116325466385995,169.38313964382135,-26.23579390557419,168.39771897321864,-26.23579390557419}",0.8805315608118065
103,"{205.36419227661412,54.3844899646661,210.1470244496195,54.3844899646661,208.95131640636816,55.753785082670646,206.55990031986545,55.753785082670646}",1.369295118004544
104,"{194.96981519597574,-10.74235230427584,196.7715097296528,-10.74235230427584,196.32108609623353,-9.85601986893517,195.420238829395,-9.85601986893517}",0.8863324353406696
105,"{144.87993884810788,-48.37933259543813,149.75303620110213,-48.37933259543813,148.53476186285357,-46.73501761712555,146.09821318635645,-46.73501761712555}",1.6443149783125761
106,"{289.1025287938808,12.522723906186702,289.2226570471492,12.522723906186702,289.1926249838321,12.58135244168636,289.1325608571979,12.58135244168636}",0.05862853549965719
107,"{191.22459968507607,-60.6089729783164,191.57382304344392,-60.6089729783164,191.48651720385195,-60.52316537602405,191.31190552466805,-60.52316537602405}",0.08580760229235401
108,"{92.84171551018723,20.15355665127528,96.89956065640077,20.15355665127528,95.88509936984738,22.046447113744264,93.85617679674061,22.046447113744264}",1.8928904624689824
109,"{5.3947051883508985,61.28538073423304,6.213627531469101,61.28538073423304,6.008896945689551,61.48149038787796,5.599435774130449,61.48149038787796}",0.1961096536449223
110,"{315.8234577995594,-45.20843398986659,319.3275996005294,-45.20843398986659,318.4515641502869,-43.960581276744634,316.6994932498019,-43.960581276744634}",1.2478527131219608
111,"{245.7784517073352,-31.229556489665168,246.0566253777588,-31.229556489665168,245.9870819601529,-31.11054893863017,245.8479951249411,-31.11054893863017}",0.1190075510350004
112,"{353.3784724243931,62.083629418083035,354.5219321375209,62.083629418083035,354.23606720923897,62.35012758944892,353.66433735267503,62.35012758944892}",0.2664981713658773
113,"{64.18108904057792,14.838397067932712,64.47150426146459,14.838397067932712,64.39890045624293,14.97871665143206,64.25369284579958,14.97871665143206}",0.1403195834993471
114,"{216.3076423704373,-60.41902216656878,217.3430690346887,-60.41902216656878,217.08421236862586,-60.16244387726336,216.56649903650015,-60.16244387726336}",0.2565782893054304
115,"{156.43306227517238,-24.019428531376914,156.65528727477894,-24.019428531376914,156.59973102487731,-23.91789750922595,156.488618525074,-23.91789750922595}",0.1015310221509639
116,"{234.74060583812715,-13.391642129565092,235.78344766138085,-13.391642129565092,235.5227372055674,-12.883868678974192,235.0013162939406,-12.883868678974192}",0.5077734505909012
117,"{248.66674245168855,-32.38220866702286,250.88932724300344,-32.38220866702286,250.3336810451747,-31.43886087786943,249.22238864951728,-31.43886087786943}",0.943347789153431
118,"{266.1264807988968,-24.823027225252318,266.25655982897916,-24.823027225252318,266.22404007145855,-24.763982726105013,266.1590005564174,-24.763982726105013}",0.05904449914730823
119,"{29.138863473054187,9.42277670533943,29.24421826249852,9.42277670533943,29.217879565137437,9.474739416146711,29.16520217041527,9.474739416146711}",0.0519627108072823
120,"{310.1850208591831,37.00369307235327,311.6023109279152,37.00369307235327,311.2479884107322,37.56750930551752,310.5393433763661,37.56750930551752}",0.5638162331642479
