method,pass,n,ms,build_ms,index_mb,plan
pgsphere,0,,,44.979,1.1953125,
skycell,0,,,1139.88,10.1875,
pgsphere,1,140996,1024.235,,,"Aggregate
  ->  Nested Loop
        ->  Seq Scan on probe p
        ->  Index Scan using fp_reg_idx on fp f
              Index Cond: (reg @> p.pos)
"
pgsphere,2,140996,1103.519,,,""
skycell,1,140996,705.297,,,"Aggregate
  ->  Hash Join
        Hash Cond: (fc.fid = f.fid)
        Join Filter: skycell_in_cone(p.ra, p.""dec"", f.ra0, f.dec0, f.r, '-1'::double precision)
        ->  Nested Loop
              ->  Seq Scan on probe p
              ->  Index Scan using fp_cells_idx on fp_cells fc
                    Index Cond: (nuniq = ANY (skycell_ancestors(p.cell, 5, 11)))
        ->  Hash
              ->  Seq Scan on fp f
"
skycell,2,140996,669.876,,,""
