method,pass,q,n,ms
q3c,1,1,246,4.305
q3c,1,2,197,4.1
q3c,1,3,508,3.919
q3c,1,4,240,2.212
q3c,1,5,9613,7.244
q3c,1,6,1,2.079
q3c,1,7,259,2.605
q3c,1,8,252,3.87
q3c,1,9,1855,4.907
q3c,1,10,1378,6.685
q3c,1,11,20,1.796
q3c,1,12,103,2.57
q3c,1,13,2,1.992
q3c,1,14,130,2.111
q3c,1,15,1,1.485
q3c,1,16,2,1.856
q3c,1,17,377,3.088
q3c,1,18,5,1.444
q3c,1,19,5,1.742
q3c,1,20,19,1.656
q3c,1,21,3,1.502
q3c,1,22,14,1.833
q3c,1,23,34,1.834
q3c,1,24,92,1.904
q3c,1,25,65,2.048
q3c,1,26,25,2.305
q3c,1,27,10,1.959
q3c,1,28,6,1.773
q3c,1,29,1,1.451
q3c,1,30,2,1.856
q3c,1,31,104,1.903
q3c,1,32,968,3.697
q3c,1,33,697,6.27
q3c,1,34,23,2.008
q3c,1,35,385,3.133
q3c,1,36,346,2.003
q3c,1,37,3,1.501
q3c,1,38,2,1.757
q3c,1,39,116,2.412
q3c,1,40,408,3.74
q3c,1,41,10448,9.73
q3c,1,42,112,2.623
q3c,1,43,1300,2.165
q3c,1,44,10,2.427
q3c,1,45,7061,5.388
q3c,1,46,7,1.601
q3c,1,47,2688,3.167
q3c,1,48,8179,6.15
q3c,1,49,106,2.561
q3c,1,50,82,1.907
q3c,1,51,156,2.187
q3c,1,52,213,2.663
q3c,1,53,8412,6.431
q3c,1,54,165,2.791
q3c,1,55,128,2.219
q3c,1,56,4470,4.866
q3c,1,57,23,1.53
q3c,1,58,3404,5.644
q3c,1,59,223,2.013
q3c,1,60,7,1.574
q3c,1,61,133,1.614
q3c,1,62,479,2.427
q3c,1,63,127,2.274
q3c,1,64,251,2.465
q3c,1,65,3086,6.509
q3c,1,66,8006,10.769
q3c,1,67,462,3.796
q3c,1,68,132,1.906
q3c,1,69,279,2.644
q3c,1,70,83,2.662
q3c,1,71,13,2.073
q3c,1,72,59,2.329
q3c,1,73,85,2.686
q3c,1,74,1999,4.65
q3c,1,75,158,2.711
q3c,1,76,28,2.632
q3c,1,77,340,2.136
q3c,1,78,312,2.866
q3c,1,79,126,4.687
q3c,1,80,12,2.744
q3c,1,81,3818,4.519
q3c,1,82,2015,8.511
q3c,1,83,705,2.012
q3c,1,84,2,2.326
q3c,1,85,15,3.347
q3c,1,86,16,2.029
q3c,1,87,658,3.789
q3c,1,88,281,3.23
q3c,1,89,2,2.291
q3c,1,90,802,2.126
q3c,1,91,2721,2.416
q3c,1,92,39,3.46
q3c,1,93,2,2.571
q3c,1,94,4,2.132
q3c,1,95,310,1.84
q3c,1,96,8,2.18
q3c,1,97,1,2.258
q3c,1,98,85,3.268
q3c,1,99,4,1.66
q3c,1,100,3991,4.03
q3c,1,101,4,2.323
q3c,1,102,1150,3.728
q3c,1,103,225,4.275
q3c,1,104,94,2.808
q3c,1,105,6089,12.412
q3c,1,106,16,3.017
q3c,1,107,12,1.508
q3c,1,108,5079,8.336
q3c,1,109,78,2.402
q3c,1,110,184,2.72
q3c,1,111,5,2.829
q3c,1,112,189,9.864
q3c,1,113,3,1.571
q3c,1,114,209,5.86
q3c,1,115,3,1.613
q3c,1,116,741,2.957
q3c,1,117,763,3.369
q3c,1,118,20,1.681
q3c,1,119,1,2.019
q3c,1,120,361,3.757
q3c,2,1,246,1.735
q3c,2,2,197,1.716
q3c,2,3,508,2.342
q3c,2,4,240,1.914
q3c,2,5,9613,4.39
q3c,2,6,1,1.739
q3c,2,7,259,1.692
q3c,2,8,252,1.667
q3c,2,9,1855,2.248
q3c,2,10,1378,2.021
q3c,2,11,20,2.007
q3c,2,12,103,1.534
q3c,2,13,2,1.485
q3c,2,14,130,1.541
q3c,2,15,1,1.516
q3c,2,16,2,1.889
q3c,2,17,377,1.871
q3c,2,18,5,1.622
q3c,2,19,5,1.742
q3c,2,20,19,1.563
q3c,2,21,3,1.847
q3c,2,22,14,1.487
q3c,2,23,34,1.386
q3c,2,24,92,1.408
q3c,2,25,65,1.544
q3c,2,26,25,1.538
q3c,2,27,10,1.458
q3c,2,28,6,1.508
q3c,2,29,1,1.389
q3c,2,30,2,1.445
q3c,2,31,104,1.429
q3c,2,32,968,1.765
q3c,2,33,697,1.792
q3c,2,34,23,1.498
q3c,2,35,385,1.418
q3c,2,36,346,1.577
q3c,2,37,3,1.453
q3c,2,38,2,1.637
q3c,2,39,116,1.53
q3c,2,40,408,1.695
q3c,2,41,10448,4.247
q3c,2,42,112,1.46
q3c,2,43,1300,1.785
q3c,2,44,10,1.504
q3c,2,45,7061,3.631
q3c,2,46,7,1.596
q3c,2,47,2688,1.89
q3c,2,48,8179,3.497
q3c,2,49,106,1.468
q3c,2,50,82,1.401
q3c,2,51,156,1.44
q3c,2,52,213,1.516
q3c,2,53,8412,3.794
q3c,2,54,165,1.485
q3c,2,55,128,1.5
q3c,2,56,4470,2.206
q3c,2,57,23,1.486
q3c,2,58,3404,2.262
q3c,2,59,223,1.433
q3c,2,60,7,1.468
q3c,2,61,133,1.54
q3c,2,62,479,1.466
q3c,2,63,127,1.5
q3c,2,64,251,1.535
q3c,2,65,3086,2.191
q3c,2,66,8006,3.55
q3c,2,67,462,1.584
q3c,2,68,132,1.45
q3c,2,69,279,1.436
q3c,2,70,83,1.433
q3c,2,71,13,1.439
q3c,2,72,59,1.369
q3c,2,73,85,1.389
q3c,2,74,1999,2.054
q3c,2,75,158,1.483
q3c,2,76,28,1.611
q3c,2,77,340,1.504
q3c,2,78,312,1.427
q3c,2,79,126,1.478
q3c,2,80,12,1.361
q3c,2,81,3818,2.036
q3c,2,82,2015,2.274
q3c,2,83,705,1.56
q3c,2,84,2,1.5
q3c,2,85,15,1.431
q3c,2,86,16,1.401
q3c,2,87,658,1.801
q3c,2,88,281,1.803
q3c,2,89,2,1.534
q3c,2,90,802,1.578
q3c,2,91,2721,2.034
q3c,2,92,39,1.533
q3c,2,93,2,1.522
q3c,2,94,4,1.492
q3c,2,95,310,1.617
q3c,2,96,8,1.464
q3c,2,97,1,1.37
q3c,2,98,85,1.493
q3c,2,99,4,1.472
q3c,2,100,3991,1.998
q3c,2,101,4,1.439
q3c,2,102,1150,1.764
q3c,2,103,225,1.446
q3c,2,104,94,1.497
q3c,2,105,6089,2.574
q3c,2,106,16,1.462
q3c,2,107,12,1.376
q3c,2,108,5079,2.857
q3c,2,109,78,1.357
q3c,2,110,184,1.502
q3c,2,111,5,1.415
q3c,2,112,189,1.468
q3c,2,113,3,1.386
q3c,2,114,209,1.471
q3c,2,115,3,1.445
q3c,2,116,741,1.595
q3c,2,117,763,1.64
q3c,2,118,20,1.438
q3c,2,119,1,1.471
q3c,2,120,361,1.613
pgsphere,1,1,246,9.675
pgsphere,1,2,197,2.179
pgsphere,1,3,508,4.69
pgsphere,1,4,240,1.826
pgsphere,1,5,9613,41.201
pgsphere,1,6,1,0.507
pgsphere,1,7,259,1.389
pgsphere,1,8,252,1.265
pgsphere,1,9,1855,7.754
pgsphere,1,10,1378,5.682
pgsphere,1,11,20,0.694
pgsphere,1,12,103,1.604
pgsphere,1,13,2,0.295
pgsphere,1,14,130,1.138
pgsphere,1,15,1,0.401
pgsphere,1,16,2,0.246
pgsphere,1,17,377,2.751
pgsphere,1,18,5,0.23
pgsphere,1,19,5,0.143
pgsphere,1,20,19,0.374
pgsphere,1,21,3,0.189
pgsphere,1,22,14,0.618
pgsphere,1,23,34,0.361
pgsphere,1,24,92,0.604
pgsphere,1,25,65,0.575
pgsphere,1,26,25,0.335
pgsphere,1,27,10,0.224
pgsphere,1,28,6,0.381
pgsphere,1,29,1,0.147
pgsphere,1,30,2,0.221
pgsphere,1,31,104,0.609
pgsphere,1,32,968,4.478
pgsphere,1,33,697,3.306
pgsphere,1,34,23,0.293
pgsphere,1,35,385,1.87
pgsphere,1,36,346,1.616
pgsphere,1,37,3,0.181
pgsphere,1,38,2,0.171
pgsphere,1,39,116,1.159
pgsphere,1,40,408,1.845
pgsphere,1,41,10448,51.544
pgsphere,1,42,112,0.838
pgsphere,1,43,1300,5.62
pgsphere,1,44,10,0.204
pgsphere,1,45,7061,30.454
pgsphere,1,46,7,0.521
pgsphere,1,47,2688,13.734
pgsphere,1,48,8179,48.376
pgsphere,1,49,106,1.688
pgsphere,1,50,82,1.169
pgsphere,1,51,156,1.696
pgsphere,1,52,213,1.713
pgsphere,1,53,8412,38.559
pgsphere,1,54,165,1.152
pgsphere,1,55,128,0.928
pgsphere,1,56,4470,16.436
pgsphere,1,57,23,0.467
pgsphere,1,58,3404,16.213
pgsphere,1,59,223,1.48
pgsphere,1,60,7,0.168
pgsphere,1,61,133,0.683
pgsphere,1,62,479,2.255
pgsphere,1,63,127,0.746
pgsphere,1,64,251,1.467
pgsphere,1,65,3086,12.8
pgsphere,1,66,8006,31.854
pgsphere,1,67,462,2.364
pgsphere,1,68,132,0.654
pgsphere,1,69,279,1.521
pgsphere,1,70,83,0.707
pgsphere,1,71,13,0.184
pgsphere,1,72,59,2.632
pgsphere,1,73,85,0.66
pgsphere,1,74,1999,8.015
pgsphere,1,75,158,0.956
pgsphere,1,76,28,0.49
pgsphere,1,77,340,1.629
pgsphere,1,78,312,1.515
pgsphere,1,79,126,0.7
pgsphere,1,80,12,0.239
pgsphere,1,81,3818,12.473
pgsphere,1,82,2015,8.097
pgsphere,1,83,705,2.784
pgsphere,1,84,2,0.231
pgsphere,1,85,15,0.197
pgsphere,1,86,16,0.187
pgsphere,1,87,658,4.115
pgsphere,1,88,281,1.346
pgsphere,1,89,2,0.185
pgsphere,1,90,802,3.384
pgsphere,1,91,2721,10.757
pgsphere,1,92,39,0.999
pgsphere,1,93,2,0.23
pgsphere,1,94,4,0.177
pgsphere,1,95,310,1.551
pgsphere,1,96,8,0.219
pgsphere,1,97,1,0.185
pgsphere,1,98,85,0.602
pgsphere,1,99,4,0.163
pgsphere,1,100,3991,12.892
pgsphere,1,101,4,0.138
pgsphere,1,102,1150,5.961
pgsphere,1,103,225,1.223
pgsphere,1,104,94,0.715
pgsphere,1,105,6089,20.014
pgsphere,1,106,16,0.339
pgsphere,1,107,12,0.172
pgsphere,1,108,5079,20.872
pgsphere,1,109,78,1.327
pgsphere,1,110,184,1.274
pgsphere,1,111,5,0.587
pgsphere,1,112,189,2.218
pgsphere,1,113,3,0.247
pgsphere,1,114,209,1.869
pgsphere,1,115,3,0.201
pgsphere,1,116,741,4.117
pgsphere,1,117,763,5.063
pgsphere,1,118,20,0.514
pgsphere,1,119,1,0.63
pgsphere,1,120,361,2.647
pgsphere,2,1,246,1.613
pgsphere,2,2,197,0.886
pgsphere,2,3,508,2.229
pgsphere,2,4,240,1.148
pgsphere,2,5,9613,42.249
pgsphere,2,6,1,0.24
pgsphere,2,7,259,1.244
pgsphere,2,8,252,1.374
pgsphere,2,9,1855,10.228
pgsphere,2,10,1378,5.735
pgsphere,2,11,20,0.231
pgsphere,2,12,103,0.514
pgsphere,2,13,2,0.106
pgsphere,2,14,130,0.748
pgsphere,2,15,1,0.147
pgsphere,2,16,2,0.117
pgsphere,2,17,377,1.584
pgsphere,2,18,5,0.137
pgsphere,2,19,5,0.1
pgsphere,2,20,19,0.182
pgsphere,2,21,3,0.136
pgsphere,2,22,14,0.168
pgsphere,2,23,34,0.232
pgsphere,2,24,92,0.468
pgsphere,2,25,65,0.406
pgsphere,2,26,25,0.178
pgsphere,2,27,10,0.124
pgsphere,2,28,6,0.114
pgsphere,2,29,1,0.094
pgsphere,2,30,2,0.103
pgsphere,2,31,104,0.468
pgsphere,2,32,968,4.289
pgsphere,2,33,697,3.104
pgsphere,2,34,23,0.186
pgsphere,2,35,385,1.633
pgsphere,2,36,346,1.543
pgsphere,2,37,3,0.11
pgsphere,2,38,2,0.11
pgsphere,2,39,116,0.638
pgsphere,2,40,408,1.622
pgsphere,2,41,10448,54.77
pgsphere,2,42,112,0.662
pgsphere,2,43,1300,5.89
pgsphere,2,44,10,0.217
pgsphere,2,45,7061,29.083
pgsphere,2,46,7,0.24
pgsphere,2,47,2688,9.169
pgsphere,2,48,8179,33.884
pgsphere,2,49,106,0.611
pgsphere,2,50,82,0.466
pgsphere,2,51,156,0.656
pgsphere,2,52,213,0.839
pgsphere,2,53,8412,33.999
pgsphere,2,54,165,0.856
pgsphere,2,55,128,0.729
pgsphere,2,56,4470,14.332
pgsphere,2,57,23,0.257
pgsphere,2,58,3404,14.092
pgsphere,2,59,223,1.08
pgsphere,2,60,7,0.133
pgsphere,2,61,133,0.624
pgsphere,2,62,479,1.94
pgsphere,2,63,127,0.559
pgsphere,2,64,251,1.238
pgsphere,2,65,3086,12.366
pgsphere,2,66,8006,30.35
pgsphere,2,67,462,1.945
pgsphere,2,68,132,0.605
pgsphere,2,69,279,1.266
pgsphere,2,70,83,0.428
pgsphere,2,71,13,0.129
pgsphere,2,72,59,0.335
pgsphere,2,73,85,0.412
pgsphere,2,74,1999,6.832
pgsphere,2,75,158,0.741
pgsphere,2,76,28,0.185
pgsphere,2,77,340,1.48
pgsphere,2,78,312,1.333
pgsphere,2,79,126,0.549
pgsphere,2,80,12,0.155
pgsphere,2,81,3818,11.909
pgsphere,2,82,2015,7.881
pgsphere,2,83,705,2.707
pgsphere,2,84,2,0.106
pgsphere,2,85,15,0.16
pgsphere,2,86,16,0.178
pgsphere,2,87,658,2.313
pgsphere,2,88,281,1.312
pgsphere,2,89,2,0.124
pgsphere,2,90,802,3.267
pgsphere,2,91,2721,12.431
pgsphere,2,92,39,0.27
pgsphere,2,93,2,0.122
pgsphere,2,94,4,0.091
pgsphere,2,95,310,1.514
pgsphere,2,96,8,0.185
pgsphere,2,97,1,0.14
pgsphere,2,98,85,0.495
pgsphere,2,99,4,0.156
pgsphere,2,100,3991,14.523
pgsphere,2,101,4,0.142
pgsphere,2,102,1150,5.459
pgsphere,2,103,225,1.037
pgsphere,2,104,94,0.461
pgsphere,2,105,6089,19.276
pgsphere,2,106,16,0.158
pgsphere,2,107,12,0.185
pgsphere,2,108,5079,19.889
pgsphere,2,109,78,0.453
pgsphere,2,110,184,0.785
pgsphere,2,111,5,0.131
pgsphere,2,112,189,0.924
pgsphere,2,113,3,0.105
pgsphere,2,114,209,0.873
pgsphere,2,115,3,0.102
pgsphere,2,116,741,2.795
pgsphere,2,117,763,3.081
pgsphere,2,118,20,0.181
pgsphere,2,119,1,0.122
pgsphere,2,120,361,1.282
skycell,1,1,246,0.911
skycell,1,2,197,0.642
skycell,1,3,508,1.465
skycell,1,4,240,1.196
skycell,1,5,9613,4.839
skycell,1,6,1,0.512
skycell,1,7,259,0.42
skycell,1,8,252,0.656
skycell,1,9,1855,0.559
skycell,1,10,1378,1.906
skycell,1,11,20,0.748
skycell,1,12,103,1.012
skycell,1,13,2,0.275
skycell,1,14,130,0.571
skycell,1,15,1,0.086
skycell,1,16,2,0.286
skycell,1,17,377,1.316
skycell,1,18,5,0.658
skycell,1,19,5,0.249
skycell,1,20,19,0.435
skycell,1,21,3,0.127
skycell,1,22,14,0.366
skycell,1,23,34,0.636
skycell,1,24,92,0.859
skycell,1,25,65,0.547
skycell,1,26,25,0.292
skycell,1,27,10,0.479
skycell,1,28,6,0.427
skycell,1,29,1,0.078
skycell,1,30,2,0.237
skycell,1,31,104,0.469
skycell,1,32,968,1.539
skycell,1,33,697,1.016
skycell,1,34,23,0.441
skycell,1,35,385,1.228
skycell,1,36,346,0.314
skycell,1,37,3,0.114
skycell,1,38,2,0.333
skycell,1,39,116,0.807
skycell,1,40,408,1.046
skycell,1,41,10448,4.665
skycell,1,42,112,2.147
skycell,1,43,1300,0.496
skycell,1,44,10,0.138
skycell,1,45,7061,2.508
skycell,1,46,7,0.334
skycell,1,47,2688,1.228
skycell,1,48,8179,3.618
skycell,1,49,106,0.717
skycell,1,50,82,0.491
skycell,1,51,156,0.693
skycell,1,52,213,0.81
skycell,1,53,8412,3.25
skycell,1,54,165,0.436
skycell,1,55,128,0.665
skycell,1,56,4470,2.083
skycell,1,57,23,0.475
skycell,1,58,3404,3.81
skycell,1,59,223,0.95
skycell,1,60,7,0.095
skycell,1,61,133,0.171
skycell,1,62,479,0.797
skycell,1,63,127,0.713
skycell,1,64,251,0.792
skycell,1,65,3086,1.87
skycell,1,66,8006,3.481
skycell,1,67,462,1.033
skycell,1,68,132,0.867
skycell,1,69,279,0.928
skycell,1,70,83,0.802
skycell,1,71,13,0.084
skycell,1,72,59,0.807
skycell,1,73,85,0.763
skycell,1,74,1999,1.32
skycell,1,75,158,0.647
skycell,1,76,28,0.327
skycell,1,77,340,0.192
skycell,1,78,312,0.7
skycell,1,79,126,0.539
skycell,1,80,12,0.639
skycell,1,81,3818,1.575
skycell,1,82,2015,1.924
skycell,1,83,705,0.547
skycell,1,84,2,0.903
skycell,1,85,15,0.123
skycell,1,86,16,0.276
skycell,1,87,658,1.598
skycell,1,88,281,1.789
skycell,1,89,2,0.262
skycell,1,90,802,0.913
skycell,1,91,2721,0.947
skycell,1,92,39,0.468
skycell,1,93,2,0.303
skycell,1,94,4,0.538
skycell,1,95,310,0.254
skycell,1,96,8,0.284
skycell,1,97,1,0.246
skycell,1,98,85,0.737
skycell,1,99,4,0.073
skycell,1,100,3991,1.293
skycell,1,101,4,0.104
skycell,1,102,1150,1.026
skycell,1,103,225,0.794
skycell,1,104,94,0.252
skycell,1,105,6089,8.048
skycell,1,106,16,0.79
skycell,1,107,12,0.112
skycell,1,108,5079,2.731
skycell,1,109,78,0.585
skycell,1,110,184,0.707
skycell,1,111,5,0.461
skycell,1,112,189,1.919
skycell,1,113,3,0.102
skycell,1,114,209,0.616
skycell,1,115,3,0.093
skycell,1,116,741,1.282
skycell,1,117,763,0.998
skycell,1,118,20,0.298
skycell,1,119,1,0.236
skycell,1,120,361,1.094
skycell,2,1,246,0.182
skycell,2,2,197,0.118
skycell,2,3,508,0.244
skycell,2,4,240,0.146
skycell,2,5,9613,1.536
skycell,2,6,1,0.056
skycell,2,7,259,0.135
skycell,2,8,252,0.143
skycell,2,9,1855,0.422
skycell,2,10,1378,0.408
skycell,2,11,20,0.094
skycell,2,12,103,0.114
skycell,2,13,2,0.047
skycell,2,14,130,0.099
skycell,2,15,1,0.048
skycell,2,16,2,0.047
skycell,2,17,377,0.207
skycell,2,18,5,0.074
skycell,2,19,5,0.05
skycell,2,20,19,0.08
skycell,2,21,3,0.07
skycell,2,22,14,0.085
skycell,2,23,34,0.09
skycell,2,24,92,0.114
skycell,2,25,65,0.101
skycell,2,26,25,0.072
skycell,2,27,10,0.065
skycell,2,28,6,0.075
skycell,2,29,1,0.054
skycell,2,30,2,0.056
skycell,2,31,104,0.116
skycell,2,32,968,0.348
skycell,2,33,697,0.274
skycell,2,34,23,0.106
skycell,2,35,385,0.173
skycell,2,36,346,0.2
skycell,2,37,3,0.056
skycell,2,38,2,0.059
skycell,2,39,116,0.126
skycell,2,40,408,0.274
skycell,2,41,10448,2.049
skycell,2,42,112,0.163
skycell,2,43,1300,0.443
skycell,2,44,10,0.122
skycell,2,45,7061,1.642
skycell,2,46,7,0.105
skycell,2,47,2688,0.578
skycell,2,48,8179,1.822
skycell,2,49,106,0.187
skycell,2,50,82,0.166
skycell,2,51,156,0.2
skycell,2,52,213,0.22
skycell,2,53,8412,1.805
skycell,2,54,165,0.221
skycell,2,55,128,0.187
skycell,2,56,4470,0.747
skycell,2,57,23,0.144
skycell,2,58,3404,1.031
skycell,2,59,223,0.216
skycell,2,60,7,0.077
skycell,2,61,133,0.172
skycell,2,62,479,0.231
skycell,2,63,127,0.133
skycell,2,64,251,0.242
skycell,2,65,3086,0.782
skycell,2,66,8006,1.21
skycell,2,67,462,0.208
skycell,2,68,132,0.122
skycell,2,69,279,0.161
skycell,2,70,83,0.116
skycell,2,71,13,0.073
skycell,2,72,59,0.111
skycell,2,73,85,0.142
skycell,2,74,1999,0.53
skycell,2,75,158,0.144
skycell,2,76,28,0.08
skycell,2,77,340,0.175
skycell,2,78,312,0.171
skycell,2,79,126,0.113
skycell,2,80,12,0.09
skycell,2,81,3818,0.471
skycell,2,82,2015,0.572
skycell,2,83,705,0.322
skycell,2,84,2,0.08
skycell,2,85,15,0.089
skycell,2,86,16,0.089
skycell,2,87,658,0.314
skycell,2,88,281,0.166
skycell,2,89,2,0.049
skycell,2,90,802,0.278
skycell,2,91,2721,0.575
skycell,2,92,39,0.105
skycell,2,93,2,0.059
skycell,2,94,4,0.071
skycell,2,95,310,0.17
skycell,2,96,8,0.074
skycell,2,97,1,0.075
skycell,2,98,85,0.116
skycell,2,99,4,0.061
skycell,2,100,3991,0.463
skycell,2,101,4,0.057
skycell,2,102,1150,0.355
skycell,2,103,225,0.208
skycell,2,104,94,0.1
skycell,2,105,6089,0.947
skycell,2,106,16,0.078
skycell,2,107,12,0.08
skycell,2,108,5079,0.889
skycell,2,109,78,0.098
skycell,2,110,184,0.155
skycell,2,111,5,0.061
skycell,2,112,189,0.163
skycell,2,113,3,0.09
skycell,2,114,209,0.167
skycell,2,115,3,0.059
skycell,2,116,741,0.222
skycell,2,117,763,0.263
skycell,2,118,20,0.074
skycell,2,119,1,0.043
skycell,2,120,361,0.18
