rows_m,class,method,plan_ms,exec_ms,buffers,n
0.5,Q05,pgsphere,0.008,0.028999999999999998,22.5,170
0.5,Q05,skycell,0.0165,0.08499999999999999,161,170
0.5,Q06,pgsphere,0.008,0.1195,85.5,384
0.5,Q06,skycell,0.048,0.0915,69,384
0.5,Q07,pgsphere,0.008,0.055,27,256
0.5,Q07,skycell,0.028,0.0515,30.5,256
0.5,Q12,pgsphere,0.006,0.007,4,1
0.5,Q12,skycell,0.013,0.004,6,1
2,Q05,pgsphere,0.009,0.06,38.5,1203
2,Q05,skycell,0.03,0.08349999999999999,61,1203
2,Q06,pgsphere,0.009,1.034,895,18051
2,Q06,skycell,0.088,0.782,365.5,18051
2,Q07,pgsphere,0.010499999999999999,0.1215,92.5,3116
2,Q07,skycell,0.047,0.129,82,3116
2,Q12,pgsphere,0.006,0.008,4,1
2,Q12,skycell,0.012,0.004,6,1
10,Q05,pgsphere,0.014499999999999999,0.096,60.5,421
10,Q05,skycell,0.077,0.1235,82,421
10,Q06,pgsphere,0.055,5.6745,2737,17569
10,Q06,skycell,0.162,3.029,933,17569
10,Q07,pgsphere,0.014,0.33999999999999997,250.5,1953
10,Q07,skycell,0.0795,0.261,135.5,1953
10,Q12,pgsphere,0.006500000000000001,0.010499999999999999,5,1
10,Q12,skycell,0.013,0.004,6,1
