corpus,label,qid,ord,chosen,ms,n
designed,"1""",1,10,14,0.079,0
designed,"1""",1,11,14,0.029,0
designed,"1""",1,12,14,0.025,0
designed,"1""",1,13,14,0.024,0
designed,"1""",1,14,14,0.023,0
designed,"1""",1,15,14,0.023,0
designed,"1""",1,16,14,0.02,0
designed,"1""",1,17,14,0.019,0
designed,"1""",1,18,14,0.019,0
designed,"1""",2,10,14,0.02,1
designed,"1""",2,11,14,0.019,1
designed,"1""",2,12,14,0.02,1
designed,"1""",2,13,14,0.019,1
designed,"1""",2,14,14,0.019,1
designed,"1""",2,15,14,0.02,1
designed,"1""",2,16,14,0.019,1
designed,"1""",2,17,14,0.019,1
designed,"1""",2,18,14,0.019,1
designed,"1""",3,10,14,0.019,0
designed,"1""",3,11,14,0.018,0
designed,"1""",3,12,14,0.018,0
designed,"1""",3,13,14,0.019,0
designed,"1""",3,14,14,0.019,0
designed,"1""",3,15,14,0.018,0
designed,"1""",3,16,14,0.019,0
designed,"1""",3,17,14,0.019,0
designed,"1""",3,18,14,0.018,0
designed,"1""",4,10,14,0.02,1
designed,"1""",4,11,14,0.019,1
designed,"1""",4,12,14,0.019,1
designed,"1""",4,13,14,0.019,1
designed,"1""",4,14,14,0.019,1
designed,"1""",4,15,14,0.019,1
designed,"1""",4,16,14,0.025,1
designed,"1""",4,17,14,0.019,1
designed,"1""",4,18,14,0.018,1
designed,"1""",5,10,14,0.019,0
designed,"1""",5,11,14,0.019,0
designed,"1""",5,12,14,0.018,0
designed,"1""",5,13,14,0.019,0
designed,"1""",5,14,14,0.018,0
designed,"1""",5,15,14,0.018,0
designed,"1""",5,16,14,0.018,0
designed,"1""",5,17,14,0.018,0
designed,"1""",5,18,14,0.019,0
designed,"1""",6,10,14,0.019,1
designed,"1""",6,11,14,0.019,1
designed,"1""",6,12,14,0.019,1
designed,"1""",6,13,14,0.018,1
designed,"1""",6,14,14,0.019,1
designed,"1""",6,15,14,0.019,1
designed,"1""",6,16,14,0.019,1
designed,"1""",6,17,14,0.019,1
designed,"1""",6,18,14,0.019,1
designed,"1""",7,10,14,0.019,0
designed,"1""",7,11,14,0.018,0
designed,"1""",7,12,14,0.018,0
designed,"1""",7,13,14,0.018,0
designed,"1""",7,14,14,0.018,0
designed,"1""",7,15,14,0.019,0
designed,"1""",7,16,14,0.019,0
designed,"1""",7,17,14,0.019,0
designed,"1""",7,18,14,0.019,0
designed,"1""",8,10,14,0.019,1
designed,"1""",8,11,14,0.018,1
designed,"1""",8,12,14,0.018,1
designed,"1""",8,13,14,0.018,1
designed,"1""",8,14,14,0.019,1
designed,"1""",8,15,14,0.018,1
designed,"1""",8,16,14,0.019,1
designed,"1""",8,17,14,0.019,1
designed,"1""",8,18,14,0.018,1
designed,"1""",9,10,14,0.019,0
designed,"1""",9,11,14,0.018,0
designed,"1""",9,12,14,0.018,0
designed,"1""",9,13,14,0.018,0
designed,"1""",9,14,14,0.018,0
designed,"1""",9,15,14,0.018,0
designed,"1""",9,16,14,0.018,0
designed,"1""",9,17,14,0.017,0
designed,"1""",9,18,14,0.018,0
designed,"1""",10,10,14,0.025,1
designed,"1""",10,11,14,0.019,1
designed,"1""",10,12,14,0.019,1
designed,"1""",10,13,14,0.025,1
designed,"1""",10,14,14,0.019,1
designed,"1""",10,15,14,0.018,1
designed,"1""",10,16,14,0.019,1
designed,"1""",10,17,14,0.019,1
designed,"1""",10,18,14,0.018,1
designed,"1""",11,10,14,0.019,0
designed,"1""",11,11,14,0.018,0
designed,"1""",11,12,14,0.018,0
designed,"1""",11,13,14,0.018,0
designed,"1""",11,14,14,0.018,0
designed,"1""",11,15,14,0.018,0
designed,"1""",11,16,14,0.018,0
designed,"1""",11,17,14,0.018,0
designed,"1""",11,18,14,0.018,0
designed,"1""",12,10,14,0.029,1
designed,"1""",12,11,14,0.027,1
designed,"1""",12,12,14,0.026,1
designed,"1""",12,13,14,0.026,1
designed,"1""",12,14,14,0.026,1
designed,"1""",12,15,14,0.026,1
designed,"1""",12,16,14,0.025,1
designed,"1""",12,17,14,0.032,1
designed,"1""",12,18,14,0.039,1
designed,"1""",13,10,14,0.021,0
designed,"1""",13,11,14,0.021,0
designed,"1""",13,12,14,0.021,0
designed,"1""",13,13,14,0.021,0
designed,"1""",13,14,14,0.02,0
designed,"1""",13,15,14,0.02,0
designed,"1""",13,16,14,0.021,0
designed,"1""",13,17,14,0.02,0
designed,"1""",13,18,14,0.02,0
designed,"1""",14,10,14,0.022,1
designed,"1""",14,11,14,0.021,1
designed,"1""",14,12,14,0.021,1
designed,"1""",14,13,14,0.021,1
designed,"1""",14,14,14,0.021,1
designed,"1""",14,15,14,0.02,1
designed,"1""",14,16,14,0.019,1
designed,"1""",14,17,14,0.019,1
designed,"1""",14,18,14,0.019,1
designed,"1""",15,10,14,0.033,0
designed,"1""",15,11,14,0.019,0
designed,"1""",15,12,14,0.018,0
designed,"1""",15,13,14,0.018,0
designed,"1""",15,14,14,0.018,0
designed,"1""",15,15,14,0.018,0
designed,"1""",15,16,14,0.019,0
designed,"1""",15,17,14,0.018,0
designed,"1""",15,18,14,0.019,0
designed,"1""",16,10,14,0.02,1
designed,"1""",16,11,14,0.02,1
designed,"1""",16,12,14,0.019,1
designed,"1""",16,13,14,0.019,1
designed,"1""",16,14,14,0.018,1
designed,"1""",16,15,14,0.019,1
designed,"1""",16,16,14,0.018,1
designed,"1""",16,17,14,0.018,1
designed,"1""",16,18,14,0.019,1
designed,"1""",17,10,14,0.019,0
designed,"1""",17,11,14,0.018,0
designed,"1""",17,12,14,0.018,0
designed,"1""",17,13,14,0.018,0
designed,"1""",17,14,14,0.018,0
designed,"1""",17,15,14,0.018,0
designed,"1""",17,16,14,0.018,0
designed,"1""",17,17,14,0.018,0
designed,"1""",17,18,14,0.018,0
designed,"1""",18,10,14,0.026,1
designed,"1""",18,11,14,0.025,1
designed,"1""",18,12,14,0.026,1
designed,"1""",18,13,14,0.026,1
designed,"1""",18,14,14,0.025,1
designed,"1""",18,15,14,0.026,1
designed,"1""",18,16,14,0.025,1
designed,"1""",18,17,14,0.025,1
designed,"1""",18,18,14,0.025,1
designed,"1""",19,10,14,0.019,0
designed,"1""",19,11,14,0.018,0
designed,"1""",19,12,14,0.018,0
designed,"1""",19,13,14,0.018,0
designed,"1""",19,14,14,0.018,0
designed,"1""",19,15,14,0.018,0
designed,"1""",19,16,14,0.018,0
designed,"1""",19,17,14,0.018,0
designed,"1""",19,18,14,0.018,0
designed,"1""",20,10,14,0.019,1
designed,"1""",20,11,14,0.018,1
designed,"1""",20,12,14,0.018,1
designed,"1""",20,13,14,0.024,1
designed,"1""",20,14,14,0.019,1
designed,"1""",20,15,14,0.019,1
designed,"1""",20,16,14,0.019,1
designed,"1""",20,17,14,0.024,1
designed,"1""",20,18,14,0.02,1
designed,1',801,5,9,0.021,0
designed,1',801,6,9,0.021,0
designed,1',801,7,9,0.021,0
designed,1',801,8,9,0.02,0
designed,1',801,9,9,0.021,0
designed,1',801,10,9,0.021,0
designed,1',801,11,9,0.021,0
designed,1',801,12,9,0.021,0
designed,1',801,13,9,0.02,0
designed,1',802,7,11,0.028,2
designed,1',802,8,11,0.028,2
designed,1',802,9,11,0.027,2
designed,1',802,10,11,0.026,2
designed,1',802,11,11,0.027,2
designed,1',802,12,11,0.027,2
designed,1',802,13,11,0.027,2
designed,1',802,14,11,0.027,2
designed,1',802,15,11,0.027,2
designed,1',803,5,9,0.019,0
designed,1',803,6,9,0.019,0
designed,1',803,7,9,0.018,0
designed,1',803,8,9,0.018,0
designed,1',803,9,9,0.018,0
designed,1',803,10,9,0.018,0
designed,1',803,11,9,0.018,0
designed,1',803,12,9,0.018,0
designed,1',803,13,9,0.018,0
designed,1',804,5,9,0.024,1
designed,1',804,6,9,0.024,1
designed,1',804,7,9,0.024,1
designed,1',804,8,9,0.023,1
designed,1',804,9,9,0.023,1
designed,1',804,10,9,0.023,1
designed,1',804,11,9,0.023,1
designed,1',804,12,9,0.023,1
designed,1',804,13,9,0.023,1
designed,1',805,5,9,0.019,0
designed,1',805,6,9,0.019,0
designed,1',805,7,9,0.019,0
designed,1',805,8,9,0.018,0
designed,1',805,9,9,0.018,0
designed,1',805,10,9,0.018,0
designed,1',805,11,9,0.017,0
designed,1',805,12,9,0.019,0
designed,1',805,13,9,0.019,0
designed,1',806,7,11,0.03,2
designed,1',806,8,11,0.029,2
designed,1',806,9,11,0.028,2
designed,1',806,10,11,0.029,2
designed,1',806,11,11,0.029,2
designed,1',806,12,11,0.028,2
designed,1',806,13,11,0.028,2
designed,1',806,14,11,0.028,2
designed,1',806,15,11,0.028,2
designed,1',807,5,9,0.021,0
designed,1',807,6,9,0.021,0
designed,1',807,7,9,0.026,0
designed,1',807,8,9,0.02,0
designed,1',807,9,9,0.02,0
designed,1',807,10,9,0.02,0
designed,1',807,11,9,0.02,0
designed,1',807,12,9,0.019,0
designed,1',807,13,9,0.02,0
designed,1',808,6,10,0.043,3
designed,1',808,7,10,0.041,3
designed,1',808,8,10,0.041,3
designed,1',808,9,10,0.041,3
designed,1',808,10,10,0.041,3
designed,1',808,11,10,0.041,3
designed,1',808,12,10,0.041,3
designed,1',808,13,10,0.041,3
designed,1',808,14,10,0.046,3
designed,1',809,6,10,0.027,0
designed,1',809,7,10,0.027,0
designed,1',809,8,10,0.027,0
designed,1',809,9,10,0.027,0
designed,1',809,10,10,0.025,0
designed,1',809,11,10,0.025,0
designed,1',809,12,10,0.025,0
designed,1',809,13,10,0.025,0
designed,1',809,14,10,0.025,0
designed,1',810,5,9,0.023,1
designed,1',810,6,9,0.022,1
designed,1',810,7,9,0.022,1
designed,1',810,8,9,0.022,1
designed,1',810,9,9,0.022,1
designed,1',810,10,9,0.022,1
designed,1',810,11,9,0.022,1
designed,1',810,12,9,0.022,1
designed,1',810,13,9,0.022,1
designed,1',811,5,9,0.021,1
designed,1',811,6,9,0.02,1
designed,1',811,7,9,0.02,1
designed,1',811,8,9,0.02,1
designed,1',811,9,9,0.02,1
designed,1',811,10,9,0.02,1
designed,1',811,11,9,0.02,1
designed,1',811,12,9,0.02,1
designed,1',811,13,9,0.02,1
designed,1',812,5,9,0.026,1
designed,1',812,6,9,0.035,1
designed,1',812,7,9,0.026,1
designed,1',812,8,9,0.025,1
designed,1',812,9,9,0.026,1
designed,1',812,10,9,0.026,1
designed,1',812,11,9,0.025,1
designed,1',812,12,9,0.026,1
designed,1',812,13,9,0.025,1
designed,1',813,5,9,0.019,0
designed,1',813,6,9,0.019,0
designed,1',813,7,9,0.018,0
designed,1',813,8,9,0.018,0
designed,1',813,9,9,0.023,0
designed,1',813,10,9,0.018,0
designed,1',813,11,9,0.018,0
designed,1',813,12,9,0.018,0
designed,1',813,13,9,0.019,0
designed,1',814,5,9,0.019,1
designed,1',814,6,9,0.018,1
designed,1',814,7,9,0.02,1
designed,1',814,8,9,0.019,1
designed,1',814,9,9,0.02,1
designed,1',814,10,9,0.02,1
designed,1',814,11,9,0.019,1
designed,1',814,12,9,0.02,1
designed,1',814,13,9,0.02,1
designed,1',815,5,9,0.023,0
designed,1',815,6,9,0.02,0
designed,1',815,7,9,0.02,0
designed,1',815,8,9,0.02,0
designed,1',815,9,9,0.02,0
designed,1',815,10,9,0.02,0
designed,1',815,11,9,0.02,0
designed,1',815,12,9,0.02,0
designed,1',815,13,9,0.02,0
designed,1',816,6,10,0.022,2
designed,1',816,7,10,0.027,2
designed,1',816,8,10,0.02,2
designed,1',816,9,10,0.021,2
designed,1',816,10,10,0.021,2
designed,1',816,11,10,0.025,2
designed,1',816,12,10,0.021,2
designed,1',816,13,10,0.021,2
designed,1',816,14,10,0.021,2
designed,1',817,5,9,0.028,0
designed,1',817,6,9,0.028,0
designed,1',817,7,9,0.029,0
designed,1',817,8,9,0.029,0
designed,1',817,9,9,0.028,0
designed,1',817,10,9,0.028,0
designed,1',817,11,9,0.028,0
designed,1',817,12,9,0.029,0
designed,1',817,13,9,0.029,0
designed,1',818,5,9,0.022,1
designed,1',818,6,9,0.022,1
designed,1',818,7,9,0.027,1
designed,1',818,8,9,0.022,1
designed,1',818,9,9,0.022,1
designed,1',818,10,9,0.021,1
designed,1',818,11,9,0.021,1
designed,1',818,12,9,0.021,1
designed,1',818,13,9,0.026,1
designed,1',819,5,9,0.023,0
designed,1',819,6,9,0.021,0
designed,1',819,7,9,0.021,0
designed,1',819,8,9,0.026,0
designed,1',819,9,9,0.02,0
designed,1',819,10,9,0.024,0
designed,1',819,11,9,0.023,0
designed,1',819,12,9,0.02,0
designed,1',819,13,9,0.024,0
designed,1',820,6,10,0.046,4
designed,1',820,7,10,0.042,4
designed,1',820,8,10,0.037,4
designed,1',820,9,10,0.037,4
designed,1',820,10,10,0.037,4
designed,1',820,11,10,0.037,4
designed,1',820,12,10,0.042,4
designed,1',820,13,10,0.044,4
designed,1',820,14,10,0.04,4
designed,30',1301,4,8,0.061,115
designed,30',1301,5,8,0.06,115
designed,30',1301,6,8,0.061,115
designed,30',1301,7,8,0.067,115
designed,30',1301,8,8,0.06,115
designed,30',1301,9,8,0.063,115
designed,30',1301,10,8,0.073,115
designed,30',1301,11,8,0.067,115
designed,30',1301,12,8,0.076,115
designed,30',1302,5,9,0.158,528
designed,30',1302,6,9,0.138,528
designed,30',1302,7,9,0.153,528
designed,30',1302,8,9,0.195,528
designed,30',1302,9,9,0.211,528
designed,30',1302,10,9,0.146,528
designed,30',1302,11,9,0.16,528
designed,30',1302,12,9,0.139,528
designed,30',1302,13,9,0.138,528
designed,30',1303,5,9,0.085,144
designed,30',1303,6,9,0.078,144
designed,30',1303,7,9,0.076,144
designed,30',1303,8,9,0.076,144
designed,30',1303,9,9,0.078,144
designed,30',1303,10,9,0.078,144
designed,30',1303,11,9,0.076,144
designed,30',1303,12,9,0.078,144
designed,30',1303,13,9,0.077,144
designed,30',1304,5,9,0.263,1562
designed,30',1304,6,9,0.272,1562
designed,30',1304,7,9,0.272,1562
designed,30',1304,8,9,0.285,1562
designed,30',1304,9,9,0.286,1562
designed,30',1304,10,9,0.28,1562
designed,30',1304,11,9,0.285,1562
designed,30',1304,12,9,0.272,1562
designed,30',1304,13,9,0.271,1562
designed,30',1305,4,8,0.037,53
designed,30',1305,5,8,0.037,53
designed,30',1305,6,8,0.036,53
designed,30',1305,7,8,0.036,53
designed,30',1305,8,8,0.036,53
designed,30',1305,9,8,0.036,53
designed,30',1305,10,8,0.036,53
designed,30',1305,11,8,0.036,53
designed,30',1305,12,8,0.037,53
designed,30',1306,5,9,0.279,1632
designed,30',1306,6,9,0.278,1632
designed,30',1306,7,9,0.273,1632
designed,30',1306,8,9,0.292,1632
designed,30',1306,9,9,0.301,1632
designed,30',1306,10,9,0.275,1632
designed,30',1306,11,9,0.28,1632
designed,30',1306,12,9,0.274,1632
designed,30',1306,13,9,0.282,1632
designed,30',1307,4,8,0.06,103
designed,30',1307,5,8,0.06,103
designed,30',1307,6,8,0.059,103
designed,30',1307,7,8,0.06,103
designed,30',1307,8,8,0.059,103
designed,30',1307,9,8,0.059,103
designed,30',1307,10,8,0.059,103
designed,30',1307,11,8,0.059,103
designed,30',1307,12,8,0.061,103
designed,30',1308,4,8,0.071,85
designed,30',1308,5,8,0.071,85
designed,30',1308,6,8,0.07,85
designed,30',1308,7,8,0.07,85
designed,30',1308,8,8,0.069,85
designed,30',1308,9,8,0.082,85
designed,30',1308,10,8,0.07,85
designed,30',1308,11,8,0.069,85
designed,30',1308,12,8,0.069,85
designed,30',1309,4,8,0.04,72
designed,30',1309,5,8,0.039,72
designed,30',1309,6,8,0.039,72
designed,30',1309,7,8,0.039,72
designed,30',1309,8,8,0.039,72
designed,30',1309,9,8,0.039,72
designed,30',1309,10,8,0.039,72
designed,30',1309,11,8,0.038,72
designed,30',1309,12,8,0.039,72
designed,30',1310,3,7,0.043,68
designed,30',1310,4,7,0.043,68
designed,30',1310,5,7,0.043,68
designed,30',1310,6,7,0.043,68
designed,30',1310,7,7,0.043,68
designed,30',1310,8,7,0.052,68
designed,30',1310,9,7,0.043,68
designed,30',1310,10,7,0.043,68
designed,30',1310,11,7,0.043,68
designed,30',1311,4,8,0.052,63
designed,30',1311,5,8,0.051,63
designed,30',1311,6,8,0.051,63
designed,30',1311,7,8,0.059,63
designed,30',1311,8,8,0.059,63
designed,30',1311,9,8,0.06,63
designed,30',1311,10,8,0.056,63
designed,30',1311,11,8,0.051,63
designed,30',1311,12,8,0.051,63
designed,30',1312,4,8,0.05,66
designed,30',1312,5,8,0.05,66
designed,30',1312,6,8,0.05,66
designed,30',1312,7,8,0.049,66
designed,30',1312,8,8,0.05,66
designed,30',1312,9,8,0.05,66
designed,30',1312,10,8,0.056,66
designed,30',1312,11,8,0.055,66
designed,30',1312,12,8,0.052,66
designed,30',1313,3,7,0.051,51
designed,30',1313,4,7,0.051,51
designed,30',1313,5,7,0.05,51
designed,30',1313,6,7,0.05,51
designed,30',1313,7,7,0.05,51
designed,30',1313,8,7,0.051,51
designed,30',1313,9,7,0.051,51
designed,30',1313,10,7,0.051,51
designed,30',1313,11,7,0.05,51
designed,30',1314,4,8,0.07,69
designed,30',1314,5,8,0.07,69
designed,30',1314,6,8,0.069,69
designed,30',1314,7,8,0.068,69
designed,30',1314,8,8,0.068,69
designed,30',1314,9,8,0.082,69
designed,30',1314,10,8,0.069,69
designed,30',1314,11,8,0.068,69
designed,30',1314,12,8,0.069,69
designed,30',1315,4,8,0.117,475
designed,30',1315,5,8,0.116,475
designed,30',1315,6,8,0.118,475
designed,30',1315,7,8,0.116,475
designed,30',1315,8,8,0.113,475
designed,30',1315,9,8,0.116,475
designed,30',1315,10,8,0.115,475
designed,30',1315,11,8,0.125,475
designed,30',1315,12,8,0.116,475
designed,30',1316,4,8,0.101,397
designed,30',1316,5,8,0.115,397
designed,30',1316,6,8,0.1,397
designed,30',1316,7,8,0.1,397
designed,30',1316,8,8,0.1,397
designed,30',1316,9,8,0.1,397
designed,30',1316,10,8,0.114,397
designed,30',1316,11,8,0.099,397
designed,30',1316,12,8,0.1,397
designed,30',1317,4,8,0.058,71
designed,30',1317,5,8,0.059,71
designed,30',1317,6,8,0.058,71
designed,30',1317,7,8,0.071,71
designed,30',1317,8,8,0.058,71
designed,30',1317,9,8,0.057,71
designed,30',1317,10,8,0.058,71
designed,30',1317,11,8,0.057,71
designed,30',1317,12,8,0.057,71
designed,30',1318,5,9,0.172,800
designed,30',1318,6,9,0.167,800
designed,30',1318,7,9,0.166,800
designed,30',1318,8,9,0.17,800
designed,30',1318,9,9,0.166,800
designed,30',1318,10,9,0.166,800
designed,30',1318,11,9,0.178,800
designed,30',1318,12,9,0.165,800
designed,30',1318,13,9,0.165,800
designed,30',1319,3,7,0.063,64
designed,30',1319,4,7,0.061,64
designed,30',1319,5,7,0.062,64
designed,30',1319,6,7,0.068,64
designed,30',1319,7,7,0.062,64
designed,30',1319,8,7,0.061,64
designed,30',1319,9,7,0.061,64
designed,30',1319,10,7,0.062,64
designed,30',1319,11,7,0.06,64
designed,30',1320,4,8,0.08,73
designed,30',1320,5,8,0.07,73
designed,30',1320,6,8,0.074,73
designed,30',1320,7,8,0.094,73
designed,30',1320,8,8,0.07,73
designed,30',1320,9,8,0.07,73
designed,30',1320,10,8,0.07,73
designed,30',1320,11,8,0.071,73
designed,30',1320,12,8,0.07,73
designed,1deg,1401,4,8,0.116,297
designed,1deg,1401,5,8,0.116,297
designed,1deg,1401,6,8,0.114,297
designed,1deg,1401,7,8,0.114,297
designed,1deg,1401,8,8,0.114,297
designed,1deg,1401,9,8,0.115,297
designed,1deg,1401,10,8,0.134,297
designed,1deg,1401,11,8,0.116,297
designed,1deg,1401,12,8,0.115,297
designed,1deg,1402,3,7,0.093,254
designed,1deg,1402,4,7,0.092,254
designed,1deg,1402,5,7,0.092,254
designed,1deg,1402,6,7,0.092,254
designed,1deg,1402,7,7,0.091,254
designed,1deg,1402,8,7,0.092,254
designed,1deg,1402,9,7,0.091,254
designed,1deg,1402,10,7,0.102,254
designed,1deg,1402,11,7,0.091,254
designed,1deg,1403,3,7,0.12,324
designed,1deg,1403,4,7,0.119,324
designed,1deg,1403,5,7,0.118,324
designed,1deg,1403,6,7,0.119,324
designed,1deg,1403,7,7,0.119,324
designed,1deg,1403,8,7,0.128,324
designed,1deg,1403,9,7,0.119,324
designed,1deg,1403,10,7,0.119,324
designed,1deg,1403,11,7,0.119,324
designed,1deg,1404,4,8,0.253,1369
designed,1deg,1404,5,8,0.254,1369
designed,1deg,1404,6,8,0.268,1369
designed,1deg,1404,7,8,0.254,1369
designed,1deg,1404,8,8,0.264,1369
designed,1deg,1404,9,8,0.254,1369
designed,1deg,1404,10,8,0.261,1369
designed,1deg,1404,11,8,0.256,1369
designed,1deg,1404,12,8,0.252,1369
designed,1deg,1405,3,7,0.1,265
designed,1deg,1405,4,7,0.099,265
designed,1deg,1405,5,7,0.099,265
designed,1deg,1405,6,7,0.1,265
designed,1deg,1405,7,7,0.099,265
designed,1deg,1405,8,7,0.098,265
designed,1deg,1405,9,7,0.1,265
designed,1deg,1405,10,7,0.099,265
designed,1deg,1405,11,7,0.099,265
designed,1deg,1406,4,8,0.205,1108
designed,1deg,1406,5,8,0.219,1108
designed,1deg,1406,6,8,0.207,1108
designed,1deg,1406,7,8,0.205,1108
designed,1deg,1406,8,8,0.208,1108
designed,1deg,1406,9,8,0.205,1108
designed,1deg,1406,10,8,0.218,1108
designed,1deg,1406,11,8,0.204,1108
designed,1deg,1406,12,8,0.208,1108
designed,1deg,1407,3,7,0.089,276
designed,1deg,1407,4,7,0.089,276
designed,1deg,1407,5,7,0.089,276
designed,1deg,1407,6,7,0.089,276
designed,1deg,1407,7,7,0.09,276
designed,1deg,1407,8,7,0.105,276
designed,1deg,1407,9,7,0.089,276
designed,1deg,1407,10,7,0.101,276
designed,1deg,1407,11,7,0.09,276
designed,1deg,1408,4,8,0.527,4152
designed,1deg,1408,5,8,0.531,4152
designed,1deg,1408,6,8,0.542,4152
designed,1deg,1408,7,8,0.536,4152
designed,1deg,1408,8,8,0.544,4152
designed,1deg,1408,9,8,0.529,4152
designed,1deg,1408,10,8,0.545,4152
designed,1deg,1408,11,8,0.559,4152
designed,1deg,1408,12,8,0.537,4152
designed,1deg,1409,3,7,0.101,297
designed,1deg,1409,4,7,0.101,297
designed,1deg,1409,5,7,0.101,297
designed,1deg,1409,6,7,0.099,297
designed,1deg,1409,7,7,0.099,297
designed,1deg,1409,8,7,0.1,297
designed,1deg,1409,9,7,0.104,297
designed,1deg,1409,10,7,0.1,297
designed,1deg,1409,11,7,0.101,297
designed,1deg,1410,3,7,0.088,306
designed,1deg,1410,4,7,0.087,306
designed,1deg,1410,5,7,0.087,306
designed,1deg,1410,6,7,0.096,306
designed,1deg,1410,7,7,0.097,306
designed,1deg,1410,8,7,0.089,306
designed,1deg,1410,9,7,0.087,306
designed,1deg,1410,10,7,0.086,306
designed,1deg,1410,11,7,0.103,306
designed,1deg,1411,4,8,0.161,748
designed,1deg,1411,5,8,0.156,748
designed,1deg,1411,6,8,0.161,748
designed,1deg,1411,7,8,0.157,748
designed,1deg,1411,8,8,0.155,748
designed,1deg,1411,9,8,0.167,748
designed,1deg,1411,10,8,0.156,748
designed,1deg,1411,11,8,0.154,748
designed,1deg,1411,12,8,0.163,748
designed,1deg,1412,3,7,0.097,265
designed,1deg,1412,4,7,0.096,265
designed,1deg,1412,5,7,0.095,265
designed,1deg,1412,6,7,0.096,265
designed,1deg,1412,7,7,0.096,265
designed,1deg,1412,8,7,0.097,265
designed,1deg,1412,9,7,0.096,265
designed,1deg,1412,10,7,0.107,265
designed,1deg,1412,11,7,0.096,265
designed,1deg,1413,3,7,0.1,280
designed,1deg,1413,4,7,0.088,280
designed,1deg,1413,5,7,0.089,280
designed,1deg,1413,6,7,0.09,280
designed,1deg,1413,7,7,0.088,280
designed,1deg,1413,8,7,0.087,280
designed,1deg,1413,9,7,0.101,280
designed,1deg,1413,10,7,0.088,280
designed,1deg,1413,11,7,0.088,280
designed,1deg,1414,4,8,0.22,1101
designed,1deg,1414,5,8,0.219,1101
designed,1deg,1414,6,8,0.218,1101
designed,1deg,1414,7,8,0.221,1101
designed,1deg,1414,8,8,0.218,1101
designed,1deg,1414,9,8,0.223,1101
designed,1deg,1414,10,8,0.218,1101
designed,1deg,1414,11,8,0.235,1101
designed,1deg,1414,12,8,0.225,1101
designed,1deg,1415,4,8,0.091,251
designed,1deg,1415,5,8,0.091,251
designed,1deg,1415,6,8,0.091,251
designed,1deg,1415,7,8,0.091,251
designed,1deg,1415,8,8,0.095,251
designed,1deg,1415,9,8,0.098,251
designed,1deg,1415,10,8,0.091,251
designed,1deg,1415,11,8,0.096,251
designed,1deg,1415,12,8,0.09,251
designed,1deg,1416,4,8,0.928,9129
designed,1deg,1416,5,8,0.929,9129
designed,1deg,1416,6,8,0.915,9129
designed,1deg,1416,7,8,0.919,9129
designed,1deg,1416,8,8,0.933,9129
designed,1deg,1416,9,8,0.924,9129
designed,1deg,1416,10,8,0.924,9129
designed,1deg,1416,11,8,0.911,9129
designed,1deg,1416,12,8,0.933,9129
designed,1deg,1417,3,7,0.089,272
designed,1deg,1417,4,7,0.084,272
designed,1deg,1417,5,7,0.083,272
designed,1deg,1417,6,7,0.083,272
designed,1deg,1417,7,7,0.083,272
designed,1deg,1417,8,7,0.083,272
designed,1deg,1417,9,7,0.082,272
designed,1deg,1417,10,7,0.083,272
designed,1deg,1417,11,7,0.083,272
designed,1deg,1418,4,8,0.647,5071
designed,1deg,1418,5,8,0.643,5071
designed,1deg,1418,6,8,0.66,5071
designed,1deg,1418,7,8,0.644,5071
designed,1deg,1418,8,8,0.656,5071
designed,1deg,1418,9,8,0.652,5071
designed,1deg,1418,10,8,0.636,5071
designed,1deg,1418,11,8,0.643,5071
designed,1deg,1418,12,8,0.655,5071
designed,1deg,1419,3,7,0.097,271
designed,1deg,1419,4,7,0.097,271
designed,1deg,1419,5,7,0.102,271
designed,1deg,1419,6,7,0.097,271
designed,1deg,1419,7,7,0.101,271
designed,1deg,1419,8,7,0.096,271
designed,1deg,1419,9,7,0.097,271
designed,1deg,1419,10,7,0.097,271
designed,1deg,1419,11,7,0.096,271
designed,1deg,1420,4,8,0.628,5690
designed,1deg,1420,5,8,0.618,5690
designed,1deg,1420,6,8,0.628,5690
designed,1deg,1420,7,8,0.618,5690
designed,1deg,1420,8,8,0.633,5690
designed,1deg,1420,9,8,0.603,5690
designed,1deg,1420,10,8,0.611,5690
designed,1deg,1420,11,8,0.636,5690
designed,1deg,1420,12,8,0.608,5690
gaia,"1""",1,10,14,0.079,0
gaia,"1""",1,11,14,0.03,0
gaia,"1""",1,12,14,0.027,0
gaia,"1""",1,13,14,0.026,0
gaia,"1""",1,14,14,0.025,0
gaia,"1""",1,15,14,0.027,0
gaia,"1""",1,16,14,0.021,0
gaia,"1""",1,17,14,0.019,0
gaia,"1""",1,18,14,0.019,0
gaia,"1""",2,10,14,0.021,1
gaia,"1""",2,11,14,0.02,1
gaia,"1""",2,12,14,0.02,1
gaia,"1""",2,13,14,0.02,1
gaia,"1""",2,14,14,0.019,1
gaia,"1""",2,15,14,0.019,1
gaia,"1""",2,16,14,0.019,1
gaia,"1""",2,17,14,0.019,1
gaia,"1""",2,18,14,0.019,1
gaia,"1""",3,10,14,0.019,0
gaia,"1""",3,11,14,0.018,0
gaia,"1""",3,12,14,0.019,0
gaia,"1""",3,13,14,0.019,0
gaia,"1""",3,14,14,0.021,0
gaia,"1""",3,15,14,0.021,0
gaia,"1""",3,16,14,0.021,0
gaia,"1""",3,17,14,0.021,0
gaia,"1""",3,18,14,0.021,0
gaia,"1""",4,10,14,0.028,1
gaia,"1""",4,11,14,0.021,1
gaia,"1""",4,12,14,0.021,1
gaia,"1""",4,13,14,0.021,1
gaia,"1""",4,14,14,0.019,1
gaia,"1""",4,15,14,0.019,1
gaia,"1""",4,16,14,0.022,1
gaia,"1""",4,17,14,0.021,1
gaia,"1""",4,18,14,0.02,1
gaia,"1""",5,10,14,0.035,0
gaia,"1""",5,11,14,0.03,0
gaia,"1""",5,12,14,0.026,0
gaia,"1""",5,13,14,0.025,0
gaia,"1""",5,14,14,0.026,0
gaia,"1""",5,15,14,0.025,0
gaia,"1""",5,16,14,0.025,0
gaia,"1""",5,17,14,0.025,0
gaia,"1""",5,18,14,0.026,0
gaia,"1""",6,10,14,0.021,1
gaia,"1""",6,11,14,0.02,1
gaia,"1""",6,12,14,0.019,1
gaia,"1""",6,13,14,0.019,1
gaia,"1""",6,14,14,0.02,1
gaia,"1""",6,15,14,0.019,1
gaia,"1""",6,16,14,0.019,1
gaia,"1""",6,17,14,0.019,1
gaia,"1""",6,18,14,0.019,1
gaia,"1""",7,10,14,0.019,0
gaia,"1""",7,11,14,0.019,0
gaia,"1""",7,12,14,0.018,0
gaia,"1""",7,13,14,0.018,0
gaia,"1""",7,14,14,0.018,0
gaia,"1""",7,15,14,0.018,0
gaia,"1""",7,16,14,0.018,0
gaia,"1""",7,17,14,0.018,0
gaia,"1""",7,18,14,0.018,0
gaia,"1""",8,10,14,0.025,1
gaia,"1""",8,11,14,0.018,1
gaia,"1""",8,12,14,0.018,1
gaia,"1""",8,13,14,0.019,1
gaia,"1""",8,14,14,0.019,1
gaia,"1""",8,15,14,0.018,1
gaia,"1""",8,16,14,0.018,1
gaia,"1""",8,17,14,0.019,1
gaia,"1""",8,18,14,0.018,1
gaia,"1""",9,10,14,0.019,0
gaia,"1""",9,11,14,0.018,0
gaia,"1""",9,12,14,0.018,0
gaia,"1""",9,13,14,0.018,0
gaia,"1""",9,14,14,0.018,0
gaia,"1""",9,15,14,0.018,0
gaia,"1""",9,16,14,0.018,0
gaia,"1""",9,17,14,0.018,0
gaia,"1""",9,18,14,0.018,0
gaia,"1""",10,10,14,0.02,1
gaia,"1""",10,11,14,0.019,1
gaia,"1""",10,12,14,0.019,1
gaia,"1""",10,13,14,0.018,1
gaia,"1""",10,14,14,0.019,1
gaia,"1""",10,15,14,0.018,1
gaia,"1""",10,16,14,0.019,1
gaia,"1""",10,17,14,0.018,1
gaia,"1""",10,18,14,0.019,1
gaia,"1""",11,10,14,0.024,0
gaia,"1""",11,11,14,0.018,0
gaia,"1""",11,12,14,0.018,0
gaia,"1""",11,13,14,0.018,0
gaia,"1""",11,14,14,0.018,0
gaia,"1""",11,15,14,0.024,0
gaia,"1""",11,16,14,0.018,0
gaia,"1""",11,17,14,0.018,0
gaia,"1""",11,18,14,0.018,0
gaia,"1""",12,10,14,0.033,1
gaia,"1""",12,11,14,0.026,1
gaia,"1""",12,12,14,0.026,1
gaia,"1""",12,13,14,0.026,1
gaia,"1""",12,14,14,0.026,1
gaia,"1""",12,15,14,0.025,1
gaia,"1""",12,16,14,0.025,1
gaia,"1""",12,17,14,0.025,1
gaia,"1""",12,18,14,0.026,1
gaia,"1""",13,10,14,0.019,0
gaia,"1""",13,11,14,0.018,0
gaia,"1""",13,12,14,0.018,0
gaia,"1""",13,13,14,0.019,0
gaia,"1""",13,14,14,0.018,0
gaia,"1""",13,15,14,0.018,0
gaia,"1""",13,16,14,0.018,0
gaia,"1""",13,17,14,0.018,0
gaia,"1""",13,18,14,0.018,0
gaia,"1""",14,10,14,0.02,1
gaia,"1""",14,11,14,0.019,1
gaia,"1""",14,12,14,0.018,1
gaia,"1""",14,13,14,0.018,1
gaia,"1""",14,14,14,0.018,1
gaia,"1""",14,15,14,0.019,1
gaia,"1""",14,16,14,0.018,1
gaia,"1""",14,17,14,0.018,1
gaia,"1""",14,18,14,0.019,1
gaia,"1""",15,10,14,0.019,0
gaia,"1""",15,11,14,0.018,0
gaia,"1""",15,12,14,0.018,0
gaia,"1""",15,13,14,0.018,0
gaia,"1""",15,14,14,0.018,0
gaia,"1""",15,15,14,0.018,0
gaia,"1""",15,16,14,0.018,0
gaia,"1""",15,17,14,0.019,0
gaia,"1""",15,18,14,0.018,0
gaia,"1""",16,10,14,0.025,1
gaia,"1""",16,11,14,0.018,1
gaia,"1""",16,12,14,0.019,1
gaia,"1""",16,13,14,0.018,1
gaia,"1""",16,14,14,0.019,1
gaia,"1""",16,15,14,0.019,1
gaia,"1""",16,16,14,0.019,1
gaia,"1""",16,17,14,0.018,1
gaia,"1""",16,18,14,0.018,1
gaia,"1""",17,10,14,0.019,0
gaia,"1""",17,11,14,0.019,0
gaia,"1""",17,12,14,0.018,0
gaia,"1""",17,13,14,0.019,0
gaia,"1""",17,14,14,0.018,0
gaia,"1""",17,15,14,0.018,0
gaia,"1""",17,16,14,0.018,0
gaia,"1""",17,17,14,0.018,0
gaia,"1""",17,18,14,0.018,0
gaia,"1""",18,10,14,0.02,1
gaia,"1""",18,11,14,0.019,1
gaia,"1""",18,12,14,0.019,1
gaia,"1""",18,13,14,0.019,1
gaia,"1""",18,14,14,0.018,1
gaia,"1""",18,15,14,0.018,1
gaia,"1""",18,16,14,0.019,1
gaia,"1""",18,17,14,0.018,1
gaia,"1""",18,18,14,0.018,1
gaia,"1""",19,10,14,0.03,0
gaia,"1""",19,11,14,0.025,0
gaia,"1""",19,12,14,0.025,0
gaia,"1""",19,13,14,0.034,0
gaia,"1""",19,14,14,0.026,0
gaia,"1""",19,15,14,0.025,0
gaia,"1""",19,16,14,0.025,0
gaia,"1""",19,17,14,0.025,0
gaia,"1""",19,18,14,0.025,0
gaia,"1""",20,10,14,0.019,1
gaia,"1""",20,11,14,0.019,1
gaia,"1""",20,12,14,0.018,1
gaia,"1""",20,13,14,0.019,1
gaia,"1""",20,14,14,0.018,1
gaia,"1""",20,15,14,0.019,1
gaia,"1""",20,16,14,0.018,1
gaia,"1""",20,17,14,0.019,1
gaia,"1""",20,18,14,0.018,1
gaia,1',801,5,9,0.024,0
gaia,1',801,6,9,0.019,0
gaia,1',801,7,9,0.018,0
gaia,1',801,8,9,0.019,0
gaia,1',801,9,9,0.018,0
gaia,1',801,10,9,0.019,0
gaia,1',801,11,9,0.018,0
gaia,1',801,12,9,0.019,0
gaia,1',801,13,9,0.019,0
gaia,1',802,4,8,0.019,1
gaia,1',802,5,8,0.019,1
gaia,1',802,6,8,0.019,1
gaia,1',802,7,8,0.019,1
gaia,1',802,8,8,0.018,1
gaia,1',802,9,8,0.018,1
gaia,1',802,10,8,0.019,1
gaia,1',802,11,8,0.018,1
gaia,1',802,12,8,0.018,1
gaia,1',803,4,8,0.024,0
gaia,1',803,5,8,0.019,0
gaia,1',803,6,8,0.018,0
gaia,1',803,7,8,0.018,0
gaia,1',803,8,8,0.019,0
gaia,1',803,9,8,0.018,0
gaia,1',803,10,8,0.018,0
gaia,1',803,11,8,0.018,0
gaia,1',803,12,8,0.019,0
gaia,1',804,6,10,0.027,3
gaia,1',804,7,10,0.026,3
gaia,1',804,8,10,0.026,3
gaia,1',804,9,10,0.034,3
gaia,1',804,10,10,0.026,3
gaia,1',804,11,10,0.026,3
gaia,1',804,12,10,0.026,3
gaia,1',804,13,10,0.026,3
gaia,1',804,14,10,0.026,3
gaia,1',805,6,10,0.027,0
gaia,1',805,7,10,0.027,0
gaia,1',805,8,10,0.026,0
gaia,1',805,9,10,0.025,0
gaia,1',805,10,10,0.026,0
gaia,1',805,11,10,0.026,0
gaia,1',805,12,10,0.026,0
gaia,1',805,13,10,0.026,0
gaia,1',805,14,10,0.026,0
gaia,1',806,6,10,0.02,1
gaia,1',806,7,10,0.021,1
gaia,1',806,8,10,0.02,1
gaia,1',806,9,10,0.02,1
gaia,1',806,10,10,0.019,1
gaia,1',806,11,10,0.025,1
gaia,1',806,12,10,0.02,1
gaia,1',806,13,10,0.02,1
gaia,1',806,14,10,0.02,1
gaia,1',807,7,11,0.02,2
gaia,1',807,8,11,0.02,2
gaia,1',807,9,11,0.02,2
gaia,1',807,10,11,0.019,2
gaia,1',807,11,11,0.019,2
gaia,1',807,12,11,0.02,2
gaia,1',807,13,11,0.019,2
gaia,1',807,14,11,0.019,2
gaia,1',807,15,11,0.019,2
gaia,1',808,5,9,0.019,1
gaia,1',808,6,9,0.019,1
gaia,1',808,7,9,0.018,1
gaia,1',808,8,9,0.019,1
gaia,1',808,9,9,0.018,1
gaia,1',808,10,9,0.019,1
gaia,1',808,11,9,0.018,1
gaia,1',808,12,9,0.019,1
gaia,1',808,13,9,0.018,1
gaia,1',809,4,8,0.019,0
gaia,1',809,5,8,0.019,0
gaia,1',809,6,8,0.019,0
gaia,1',809,7,8,0.018,0
gaia,1',809,8,8,0.019,0
gaia,1',809,9,8,0.019,0
gaia,1',809,10,8,0.018,0
gaia,1',809,11,8,0.018,0
gaia,1',809,12,8,0.019,0
gaia,1',810,6,10,0.033,4
gaia,1',810,7,10,0.022,4
gaia,1',810,8,10,0.021,4
gaia,1',810,9,10,0.021,4
gaia,1',810,10,10,0.021,4
gaia,1',810,11,10,0.021,4
gaia,1',810,12,10,0.022,4
gaia,1',810,13,10,0.021,4
gaia,1',810,14,10,0.021,4
gaia,1',811,5,9,0.018,0
gaia,1',811,6,9,0.018,0
gaia,1',811,7,9,0.019,0
gaia,1',811,8,9,0.018,0
gaia,1',811,9,9,0.019,0
gaia,1',811,10,9,0.018,0
gaia,1',811,11,9,0.018,0
gaia,1',811,12,9,0.019,0
gaia,1',811,13,9,0.023,0
gaia,1',812,5,9,0.028,1
gaia,1',812,6,9,0.027,1
gaia,1',812,7,9,0.027,1
gaia,1',812,8,9,0.026,1
gaia,1',812,9,9,0.027,1
gaia,1',812,10,9,0.026,1
gaia,1',812,11,9,0.026,1
gaia,1',812,12,9,0.027,1
gaia,1',812,13,9,0.026,1
gaia,1',813,4,8,0.025,0
gaia,1',813,5,8,0.019,0
gaia,1',813,6,8,0.019,0
gaia,1',813,7,8,0.018,0
gaia,1',813,8,8,0.019,0
gaia,1',813,9,8,0.02,0
gaia,1',813,10,8,0.019,0
gaia,1',813,11,8,0.026,0
gaia,1',813,12,8,0.018,0
gaia,1',814,6,10,0.025,2
gaia,1',814,7,10,0.02,2
gaia,1',814,8,10,0.019,2
gaia,1',814,9,10,0.019,2
gaia,1',814,10,10,0.019,2
gaia,1',814,11,10,0.019,2
gaia,1',814,12,10,0.019,2
gaia,1',814,13,10,0.019,2
gaia,1',814,14,10,0.019,2
gaia,1',815,4,8,0.019,0
gaia,1',815,5,8,0.018,0
gaia,1',815,6,8,0.018,0
gaia,1',815,7,8,0.018,0
gaia,1',815,8,8,0.018,0
gaia,1',815,9,8,0.018,0
gaia,1',815,10,8,0.018,0
gaia,1',815,11,8,0.018,0
gaia,1',815,12,8,0.018,0
gaia,1',816,5,9,0.027,2
gaia,1',816,6,9,0.027,2
gaia,1',816,7,9,0.026,2
gaia,1',816,8,9,0.026,2
gaia,1',816,9,9,0.026,2
gaia,1',816,10,9,0.026,2
gaia,1',816,11,9,0.026,2
gaia,1',816,12,9,0.027,2
gaia,1',816,13,9,0.026,2
gaia,1',817,5,9,0.025,0
gaia,1',817,6,9,0.019,0
gaia,1',817,7,9,0.018,0
gaia,1',817,8,9,0.019,0
gaia,1',817,9,9,0.019,0
gaia,1',817,10,9,0.019,0
gaia,1',817,11,9,0.018,0
gaia,1',817,12,9,0.018,0
gaia,1',817,13,9,0.018,0
gaia,1',818,5,9,0.02,1
gaia,1',818,6,9,0.02,1
gaia,1',818,7,9,0.019,1
gaia,1',818,8,9,0.019,1
gaia,1',818,9,9,0.02,1
gaia,1',818,10,9,0.021,1
gaia,1',818,11,9,0.021,1
gaia,1',818,12,9,0.021,1
gaia,1',818,13,9,0.02,1
gaia,1',819,4,8,0.02,0
gaia,1',819,5,8,0.02,0
gaia,1',819,6,8,0.02,0
gaia,1',819,7,8,0.026,0
gaia,1',819,8,8,0.02,0
gaia,1',819,9,8,0.02,0
gaia,1',819,10,8,0.02,0
gaia,1',819,11,8,0.02,0
gaia,1',819,12,8,0.019,0
gaia,1',820,6,10,0.022,1
gaia,1',820,7,10,0.021,1
gaia,1',820,8,10,0.021,1
gaia,1',820,9,10,0.021,1
gaia,1',820,10,10,0.021,1
gaia,1',820,11,10,0.021,1
gaia,1',820,12,10,0.021,1
gaia,1',820,13,10,0.021,1
gaia,1',820,14,10,0.021,1
gaia,30',1301,3,7,0.036,63
gaia,30',1301,4,7,0.036,63
gaia,30',1301,5,7,0.035,63
gaia,30',1301,6,7,0.035,63
gaia,30',1301,7,7,0.035,63
gaia,30',1301,8,7,0.036,63
gaia,30',1301,9,7,0.036,63
gaia,30',1301,10,7,0.035,63
gaia,30',1301,11,7,0.035,63
gaia,30',1302,5,9,0.25,808
gaia,30',1302,6,9,0.206,808
gaia,30',1302,7,9,0.225,808
gaia,30',1302,8,9,0.254,808
gaia,30',1302,9,9,0.217,808
gaia,30',1302,10,9,0.247,808
gaia,30',1302,11,9,0.184,808
gaia,30',1302,12,9,0.204,808
gaia,30',1302,13,9,0.193,808
gaia,30',1303,3,7,0.027,18
gaia,30',1303,4,7,0.028,18
gaia,30',1303,5,7,0.034,18
gaia,30',1303,6,7,0.026,18
gaia,30',1303,7,7,0.026,18
gaia,30',1303,8,7,0.026,18
gaia,30',1303,9,7,0.025,18
gaia,30',1303,10,7,0.026,18
gaia,30',1303,11,7,0.041,18
gaia,30',1304,5,9,0.339,2014
gaia,30',1304,6,9,0.351,2014
gaia,30',1304,7,9,0.332,2014
gaia,30',1304,8,9,0.387,2014
gaia,30',1304,9,9,0.36,2014
gaia,30',1304,10,9,0.35,2014
gaia,30',1304,11,9,0.394,2014
gaia,30',1304,12,9,0.371,2014
gaia,30',1304,13,9,0.346,2014
gaia,30',1305,2,6,0.075,12
gaia,30',1305,3,6,0.054,12
gaia,30',1305,4,6,0.052,12
gaia,30',1305,5,6,0.049,12
gaia,30',1305,6,6,0.049,12
gaia,30',1305,7,6,0.049,12
gaia,30',1305,8,6,0.05,12
gaia,30',1305,9,6,0.057,12
gaia,30',1305,10,6,0.049,12
gaia,30',1306,5,9,0.383,2505
gaia,30',1306,6,9,0.375,2505
gaia,30',1306,7,9,0.384,2505
gaia,30',1306,8,9,0.388,2505
gaia,30',1306,9,9,0.375,2505
gaia,30',1306,10,9,0.374,2505
gaia,30',1306,11,9,0.387,2505
gaia,30',1306,12,9,0.397,2505
gaia,30',1306,13,9,0.375,2505
gaia,30',1307,4,8,0.067,133
gaia,30',1307,5,8,0.067,133
gaia,30',1307,6,8,0.065,133
gaia,30',1307,7,8,0.065,133
gaia,30',1307,8,8,0.066,133
gaia,30',1307,9,8,0.065,133
gaia,30',1307,10,8,0.067,133
gaia,30',1307,11,8,0.071,133
gaia,30',1307,12,8,0.065,133
gaia,30',1308,5,9,0.18,675
gaia,30',1308,6,9,0.17,675
gaia,30',1308,7,9,0.179,675
gaia,30',1308,8,9,0.171,675
gaia,30',1308,9,9,0.178,675
gaia,30',1308,10,9,0.168,675
gaia,30',1308,11,9,0.166,675
gaia,30',1308,12,9,0.191,675
gaia,30',1308,13,9,0.166,675
gaia,30',1309,3,7,0.041,57
gaia,30',1309,4,7,0.035,57
gaia,30',1309,5,7,0.034,57
gaia,30',1309,6,7,0.034,57
gaia,30',1309,7,7,0.034,57
gaia,30',1309,8,7,0.035,57
gaia,30',1309,9,7,0.034,57
gaia,30',1309,10,7,0.041,57
gaia,30',1309,11,7,0.034,57
gaia,30',1310,4,8,0.085,144
gaia,30',1310,5,8,0.095,144
gaia,30',1310,6,8,0.078,144
gaia,30',1310,7,8,0.077,144
gaia,30',1310,8,8,0.078,144
gaia,30',1310,9,8,0.086,144
gaia,30',1310,10,8,0.078,144
gaia,30',1310,11,8,0.077,144
gaia,30',1310,12,8,0.078,144
gaia,30',1311,3,7,0.062,31
gaia,30',1311,4,7,0.054,31
gaia,30',1311,5,7,0.054,31
gaia,30',1311,6,7,0.054,31
gaia,30',1311,7,7,0.054,31
gaia,30',1311,8,7,0.053,31
gaia,30',1311,9,7,0.053,31
gaia,30',1311,10,7,0.063,31
gaia,30',1311,11,7,0.053,31
gaia,30',1312,5,9,0.252,1471
gaia,30',1312,6,9,0.244,1471
gaia,30',1312,7,9,0.246,1471
gaia,30',1312,8,9,0.241,1471
gaia,30',1312,9,9,0.257,1471
gaia,30',1312,10,9,0.249,1471
gaia,30',1312,11,9,0.249,1471
gaia,30',1312,12,9,0.243,1471
gaia,30',1312,13,9,0.261,1471
gaia,30',1313,3,7,0.034,21
gaia,30',1313,4,7,0.034,21
gaia,30',1313,5,7,0.032,21
gaia,30',1313,6,7,0.033,21
gaia,30',1313,7,7,0.032,21
gaia,30',1313,8,7,0.033,21
gaia,30',1313,9,7,0.033,21
gaia,30',1313,10,7,0.033,21
gaia,30',1313,11,7,0.033,21
gaia,30',1314,5,9,0.109,314
gaia,30',1314,6,9,0.108,314
gaia,30',1314,7,9,0.108,314
gaia,30',1314,8,9,0.108,314
gaia,30',1314,9,9,0.114,314
gaia,30',1314,10,9,0.108,314
gaia,30',1314,11,9,0.117,314
gaia,30',1314,12,9,0.108,314
gaia,30',1314,13,9,0.108,314
gaia,30',1315,4,8,0.132,403
gaia,30',1315,5,8,0.123,403
gaia,30',1315,6,8,0.124,403
gaia,30',1315,7,8,0.143,403
gaia,30',1315,8,8,0.126,403
gaia,30',1315,9,8,0.119,403
gaia,30',1315,10,8,0.116,403
gaia,30',1315,11,8,0.118,403
gaia,30',1315,12,8,0.118,403
gaia,30',1316,5,9,0.286,1579
gaia,30',1316,6,9,0.282,1579
gaia,30',1316,7,9,0.281,1579
gaia,30',1316,8,9,0.273,1579
gaia,30',1316,9,9,0.291,1579
gaia,30',1316,10,9,0.289,1579
gaia,30',1316,11,9,0.27,1579
gaia,30',1316,12,9,0.272,1579
gaia,30',1316,13,9,0.279,1579
gaia,30',1317,4,8,0.097,309
gaia,30',1317,5,8,0.099,309
gaia,30',1317,6,8,0.102,309
gaia,30',1317,7,8,0.099,309
gaia,30',1317,8,8,0.089,309
gaia,30',1317,9,8,0.089,309
gaia,30',1317,10,8,0.091,309
gaia,30',1317,11,8,0.09,309
gaia,30',1317,12,8,0.09,309
gaia,30',1318,3,7,0.043,31
gaia,30',1318,4,7,0.036,31
gaia,30',1318,5,7,0.036,31
gaia,30',1318,6,7,0.036,31
gaia,30',1318,7,7,0.035,31
gaia,30',1318,8,7,0.035,31
gaia,30',1318,9,7,0.035,31
gaia,30',1318,10,7,0.035,31
gaia,30',1318,11,7,0.035,31
gaia,30',1319,2,6,0.036,23
gaia,30',1319,3,6,0.036,23
gaia,30',1319,4,6,0.045,23
gaia,30',1319,5,6,0.04,23
gaia,30',1319,6,6,0.039,23
gaia,30',1319,7,6,0.04,23
gaia,30',1319,8,6,0.034,23
gaia,30',1319,9,6,0.032,23
gaia,30',1319,10,6,0.032,23
gaia,30',1320,5,9,0.119,485
gaia,30',1320,6,9,0.141,485
gaia,30',1320,7,9,0.119,485
gaia,30',1320,8,9,0.119,485
gaia,30',1320,9,9,0.119,485
gaia,30',1320,10,9,0.123,485
gaia,30',1320,11,9,0.119,485
gaia,30',1320,12,9,0.119,485
gaia,30',1320,13,9,0.117,485
gaia,1deg,1401,4,8,0.119,306
gaia,1deg,1401,5,8,0.1,306
gaia,1deg,1401,6,8,0.098,306
gaia,1deg,1401,7,8,0.099,306
gaia,1deg,1401,8,8,0.098,306
gaia,1deg,1401,9,8,0.099,306
gaia,1deg,1401,10,8,0.099,306
gaia,1deg,1401,11,8,0.098,306
gaia,1deg,1401,12,8,0.098,306
gaia,1deg,1402,4,8,0.205,928
gaia,1deg,1402,5,8,0.208,928
gaia,1deg,1402,6,8,0.207,928
gaia,1deg,1402,7,8,0.204,928
gaia,1deg,1402,8,8,0.203,928
gaia,1deg,1402,9,8,0.206,928
gaia,1deg,1402,10,8,0.201,928
gaia,1deg,1402,11,8,0.208,928
gaia,1deg,1402,12,8,0.204,928
gaia,1deg,1403,3,7,0.072,76
gaia,1deg,1403,4,7,0.063,76
gaia,1deg,1403,5,7,0.061,76
gaia,1deg,1403,6,7,0.061,76
gaia,1deg,1403,7,7,0.061,76
gaia,1deg,1403,8,7,0.062,76
gaia,1deg,1403,9,7,0.061,76
gaia,1deg,1403,10,7,0.061,76
gaia,1deg,1403,11,7,0.07,76
gaia,1deg,1404,4,8,0.237,1184
gaia,1deg,1404,5,8,0.233,1184
gaia,1deg,1404,6,8,0.247,1184
gaia,1deg,1404,7,8,0.232,1184
gaia,1deg,1404,8,8,0.253,1184
gaia,1deg,1404,9,8,0.23,1184
gaia,1deg,1404,10,8,0.236,1184
gaia,1deg,1404,11,8,0.232,1184
gaia,1deg,1404,12,8,0.249,1184
gaia,1deg,1405,3,7,0.068,163
gaia,1deg,1405,4,7,0.068,163
gaia,1deg,1405,5,7,0.067,163
gaia,1deg,1405,6,7,0.068,163
gaia,1deg,1405,7,7,0.067,163
gaia,1deg,1405,8,7,0.068,163
gaia,1deg,1405,9,7,0.068,163
gaia,1deg,1405,10,7,0.068,163
gaia,1deg,1405,11,7,0.068,163
gaia,1deg,1406,4,8,0.218,1059
gaia,1deg,1406,5,8,0.209,1059
gaia,1deg,1406,6,8,0.209,1059
gaia,1deg,1406,7,8,0.221,1059
gaia,1deg,1406,8,8,0.209,1059
gaia,1deg,1406,9,8,0.218,1059
gaia,1deg,1406,10,8,0.207,1059
gaia,1deg,1406,11,8,0.208,1059
gaia,1deg,1406,12,8,0.211,1059
gaia,1deg,1407,3,7,0.066,57
gaia,1deg,1407,4,7,0.059,57
gaia,1deg,1407,5,7,0.058,57
gaia,1deg,1407,6,7,0.058,57
gaia,1deg,1407,7,7,0.058,57
gaia,1deg,1407,8,7,0.058,57
gaia,1deg,1407,9,7,0.058,57
gaia,1deg,1407,10,7,0.058,57
gaia,1deg,1407,11,7,0.058,57
gaia,1deg,1408,4,8,1.036,10032
gaia,1deg,1408,5,8,1.028,10032
gaia,1deg,1408,6,8,1.017,10032
gaia,1deg,1408,7,8,1.035,10032
gaia,1deg,1408,8,8,1.004,10032
gaia,1deg,1408,9,8,1.007,10032
gaia,1deg,1408,10,8,1.009,10032
gaia,1deg,1408,11,8,1.02,10032
gaia,1deg,1408,12,8,1.012,10032
gaia,1deg,1409,4,8,0.762,6724
gaia,1deg,1409,5,8,0.748,6724
gaia,1deg,1409,6,8,0.803,6724
gaia,1deg,1409,7,8,1.043,6724
gaia,1deg,1409,8,8,0.841,6724
gaia,1deg,1409,9,8,0.769,6724
gaia,1deg,1409,10,8,0.755,6724
gaia,1deg,1409,11,8,0.744,6724
gaia,1deg,1409,12,8,0.752,6724
gaia,1deg,1410,4,8,0.393,2884
gaia,1deg,1410,5,8,0.395,2884
gaia,1deg,1410,6,8,0.377,2884
gaia,1deg,1410,7,8,0.358,2884
gaia,1deg,1410,8,8,0.368,2884
gaia,1deg,1410,9,8,0.363,2884
gaia,1deg,1410,10,8,0.377,2884
gaia,1deg,1410,11,8,0.386,2884
gaia,1deg,1410,12,8,0.356,2884
gaia,1deg,1411,3,7,0.085,262
gaia,1deg,1411,4,7,0.079,262
gaia,1deg,1411,5,7,0.093,262
gaia,1deg,1411,6,7,0.079,262
gaia,1deg,1411,7,7,0.078,262
gaia,1deg,1411,8,7,0.079,262
gaia,1deg,1411,9,7,0.082,262
gaia,1deg,1411,10,7,0.082,262
gaia,1deg,1411,11,7,0.094,262
gaia,1deg,1412,4,8,0.338,2327
gaia,1deg,1412,5,8,0.349,2327
gaia,1deg,1412,6,8,0.361,2327
gaia,1deg,1412,7,8,0.354,2327
gaia,1deg,1412,8,8,0.36,2327
gaia,1deg,1412,9,8,0.333,2327
gaia,1deg,1412,10,8,0.372,2327
gaia,1deg,1412,11,8,0.358,2327
gaia,1deg,1412,12,8,0.353,2327
gaia,1deg,1413,4,8,0.492,3546
gaia,1deg,1413,5,8,0.526,3546
gaia,1deg,1413,6,8,0.508,3546
gaia,1deg,1413,7,8,0.527,3546
gaia,1deg,1413,8,8,0.506,3546
gaia,1deg,1413,9,8,0.472,3546
gaia,1deg,1413,10,8,0.481,3546
gaia,1deg,1413,11,8,0.494,3546
gaia,1deg,1413,12,8,0.493,3546
gaia,1deg,1414,4,8,0.951,8865
gaia,1deg,1414,5,8,0.925,8865
gaia,1deg,1414,6,8,0.936,8865
gaia,1deg,1414,7,8,0.928,8865
gaia,1deg,1414,8,8,0.936,8865
gaia,1deg,1414,9,8,0.93,8865
gaia,1deg,1414,10,8,0.943,8865
gaia,1deg,1414,11,8,0.98,8865
gaia,1deg,1414,12,8,0.935,8865
gaia,1deg,1415,3,7,0.077,80
gaia,1deg,1415,4,7,0.059,80
gaia,1deg,1415,5,7,0.058,80
gaia,1deg,1415,6,7,0.059,80
gaia,1deg,1415,7,7,0.064,80
gaia,1deg,1415,8,7,0.059,80
gaia,1deg,1415,9,7,0.059,80
gaia,1deg,1415,10,7,0.058,80
gaia,1deg,1415,11,7,0.059,80
gaia,1deg,1416,4,8,0.239,1470
gaia,1deg,1416,5,8,0.231,1470
gaia,1deg,1416,6,8,0.242,1470
gaia,1deg,1416,7,8,0.254,1470
gaia,1deg,1416,8,8,0.244,1470
gaia,1deg,1416,9,8,0.243,1470
gaia,1deg,1416,10,8,0.242,1470
gaia,1deg,1416,11,8,0.243,1470
gaia,1deg,1416,12,8,0.241,1470
gaia,1deg,1417,4,8,0.474,3557
gaia,1deg,1417,5,8,0.488,3557
gaia,1deg,1417,6,8,0.481,3557
gaia,1deg,1417,7,8,0.468,3557
gaia,1deg,1417,8,8,0.483,3557
gaia,1deg,1417,9,8,0.469,3557
gaia,1deg,1417,10,8,0.488,3557
gaia,1deg,1417,11,8,0.477,3557
gaia,1deg,1417,12,8,0.47,3557
gaia,1deg,1418,4,8,1.176,9816
gaia,1deg,1418,5,8,1.155,9816
gaia,1deg,1418,6,8,1.121,9816
gaia,1deg,1418,7,8,1.161,9816
gaia,1deg,1418,8,8,1.136,9816
gaia,1deg,1418,9,8,1.246,9816
gaia,1deg,1418,10,8,1.228,9816
gaia,1deg,1418,11,8,1.148,9816
gaia,1deg,1418,12,8,1.143,9816
gaia,1deg,1419,4,8,0.121,405
gaia,1deg,1419,5,8,0.104,405
gaia,1deg,1419,6,8,0.128,405
gaia,1deg,1419,7,8,0.116,405
gaia,1deg,1419,8,8,0.103,405
gaia,1deg,1419,9,8,0.103,405
gaia,1deg,1419,10,8,0.103,405
gaia,1deg,1419,11,8,0.103,405
gaia,1deg,1419,12,8,0.103,405
gaia,1deg,1420,4,8,0.509,3592
gaia,1deg,1420,5,8,0.525,3592
gaia,1deg,1420,6,8,0.512,3592
gaia,1deg,1420,7,8,0.509,3592
gaia,1deg,1420,8,8,0.509,3592
gaia,1deg,1420,9,8,0.51,3592
gaia,1deg,1420,10,8,0.51,3592
gaia,1deg,1420,11,8,0.508,3592
gaia,1deg,1420,12,8,0.521,3592
