corpus,label,qid,rho_hist,rho_true,order_hist,order_true,footprint_order,footprint_rows
designed,"1""",1,1568342.3453940197,0,14,0,15,0
designed,"1""",2,5604611.89956179,1025347913.3646475,14,13,15,1
designed,"1""",3,322423.6332298986,0,14,0,15,0
designed,"1""",4,2723993.8466696832,2050695826.729295,14,14,15,2
designed,"1""",5,414236.1744180717,0,14,0,15,0
designed,"1""",6,3636737.0694854436,1025347913.3646475,14,13,15,1
designed,"1""",7,622665.9425389654,0,14,0,15,0
designed,"1""",8,629203.8565307447,1025347913.3646475,14,13,15,1
designed,"1""",9,279857.89432237914,0,14,0,15,0
designed,"1""",10,4122553.057222818,1025347913.3646475,14,13,15,1
designed,"1""",11,289220.66071838955,0,14,0,15,0
designed,"1""",12,16649277.089377115,1025347913.3646475,14,13,15,1
designed,"1""",13,286294.2092502545,0,14,0,15,0
designed,"1""",14,2344569.438903874,1025347913.3646475,14,13,15,1
designed,"1""",15,499054.03271372087,0,14,0,15,0
designed,"1""",16,1028897.9890234284,1025347913.3646475,14,13,15,1
designed,"1""",17,284726.1116533057,0,14,0,15,0
designed,"1""",18,557567.6941507893,1025347913.3646475,14,13,15,1
designed,"1""",19,604986.2824636028,0,14,0,15,0
designed,"1""",20,13704448.997280149,1025347913.3646475,14,13,15,1
designed,"1""",21,281483.4793448422,0,14,0,15,0
designed,"1""",22,2679354.006984203,1025347913.3646475,14,13,15,1
designed,"1""",23,2234129.8334842143,0,14,0,15,0
designed,"1""",24,774010.697124185,1025347913.3646475,14,13,15,1
designed,"1""",25,289129.87612067146,0,14,0,15,0
designed,"1""",26,4425716.695358142,1025347913.3646475,14,13,15,1
designed,"1""",27,289038.8069317379,0,14,0,15,0
designed,"1""",28,345758.97452924715,1025347913.3646475,14,13,15,1
designed,"1""",29,285551.99536044645,0,14,0,15,0
designed,"1""",30,10327926.198064128,1025347913.3646475,14,13,15,1
designed,"1""",31,282015.0957352415,0,14,0,15,0
designed,"1""",32,286882.17470130645,1025347913.3646475,14,13,15,1
designed,"1""",33,431643.48070028,0,14,0,15,0
designed,"1""",34,1465647.036128293,1025347913.3646475,14,13,15,1
designed,"1""",35,310533.9814321989,0,14,0,15,0
designed,"1""",36,1465647.036128293,1025347913.3646475,14,13,15,1
designed,"1""",37,239832.8434904967,0,14,0,15,0
designed,"1""",38,338014.9629665298,1025347913.3646475,14,13,15,1
designed,"1""",39,298687.5874992426,0,14,0,15,0
designed,"1""",40,1957257.8701939925,1025347913.3646475,14,13,15,1
designed,"1""",41,566954.6508001101,0,14,0,15,0
designed,"1""",42,580309.9473572084,1025347913.3646475,14,13,15,1
designed,"1""",43,273436.3781377055,0,14,0,15,0
designed,"1""",44,662399.7142618683,1025347913.3646475,14,13,15,1
designed,"1""",45,357897.3590492215,0,14,0,15,0
designed,"1""",46,2026068.059591806,1025347913.3646475,14,13,15,1
designed,"1""",47,566955.7891649718,0,14,0,15,0
designed,"1""",48,9910685.309593681,1025347913.3646475,14,13,15,1
designed,"1""",49,309325.6071315375,0,14,0,15,0
designed,"1""",50,525594.4402810979,1025347913.3646475,14,13,15,1
designed,"1""",51,414237.31278293335,0,14,0,15,0
designed,"1""",52,3799142.6751012644,1025347913.3646475,14,13,15,1
designed,"1""",53,479185.5816005846,0,14,0,15,0
designed,"1""",54,3087328.6054806653,1025347913.3646475,14,13,15,1
designed,"1""",55,314461.9093873871,0,14,0,15,0
designed,"1""",56,902352.228358448,1025347913.3646475,14,13,15,1
designed,"1""",57,314233.45378921094,0,14,0,15,0
designed,"1""",58,396732.67630505236,1025347913.3646475,14,13,15,1
designed,"1""",59,380814.9204443376,0,14,0,15,0
designed,"1""",60,2125546.4742671135,1025347913.3646475,14,13,15,1
designed,1',801,507701.4404934861,500658.1608225818,9,8,9,2
designed,1',802,11565005.570999246,7009214.251516145,11,10,9,28
designed,1',803,295327.50559123716,0,9,0,9,0
designed,1',804,685623.9260266498,9762834.136040345,9,10,9,39
designed,1',805,271917.6832412158,0,9,0,9,0
designed,1',806,11892998.089579165,8511188.733983891,11,10,9,34
designed,1',807,313781.48264056764,250329.0804112909,9,7,9,1
designed,1',808,4566499.43770447,5757568.849459691,10,9,9,23
designed,1',809,1865377.4979124775,2252961.723701618,10,9,9,9
designed,1',810,498025.195449348,2252961.723701618,9,9,9,9
designed,1',811,568742.7162845721,2753619.8845241996,9,9,9,11
designed,1',812,259785.4795477408,250329.0804112909,9,7,9,1
designed,1',813,259412.65241013383,250329.0804112909,9,7,9,1
designed,1',814,334972.86213283514,500658.1608225818,9,8,9,2
designed,1',815,295047.1208507623,750987.2412338727,9,8,9,3
designed,1',816,4912327.754801009,5006581.608225818,10,9,9,20
designed,1',817,264426.70245072077,250329.0804112909,9,7,9,1
designed,1',818,460062.9859775451,1501974.4824677454,9,8,9,6
designed,1',819,633290.5585920247,750987.2412338727,9,8,9,3
designed,1',820,5955988.451497243,5757568.849459691,10,9,9,23
designed,1',821,305683.98092671094,1001316.3216451636,9,8,9,4
designed,1',822,774010.7238046115,445085104.9712752,9,13,9,1778
designed,1',823,486782.93481950765,250329.0804112909,9,7,9,1
designed,1',824,3793131.6967525696,5507239.769048399,10,9,9,22
designed,1',825,475130.43803705164,500658.1608225818,9,8,9,2
designed,1',826,488328.6683132716,1251645.4020564544,9,8,9,5
designed,1',827,337026.3339385734,500658.1608225818,9,8,9,2
designed,1',828,2357055.825397372,1752303.5628790362,10,9,9,7
designed,1',829,3651920.649490659,5507239.769048399,10,9,9,22
designed,1',830,4068887.61474745,6007897.929870982,10,9,9,24
designed,1',831,792580.7438947522,750987.2412338727,9,8,9,3
designed,1',832,286155.00551488134,250329.0804112909,9,7,9,1
designed,1',833,295690.18013177894,250329.0804112909,9,7,9,1
designed,1',834,1928450.2989478428,3003948.964935491,10,9,9,12
designed,1',835,266062.77677167236,250329.0804112909,9,7,9,1
designed,1',836,11966197.242755694,13267441.261798417,11,10,9,53
designed,1',837,284530.53773527575,250329.0804112909,9,7,9,1
designed,1',838,5086320.658783127,3754936.2061693636,10,9,9,15
designed,1',839,433196.7195230676,500658.1608225818,9,8,9,2
designed,1',840,2540270.171779988,2753619.8845241996,10,9,9,11
designed,1',841,301453.0851260294,0,9,0,9,0
designed,1',842,580309.2041961635,1501974.4824677454,9,8,9,6
designed,1',843,263835.48546165635,500658.1608225818,9,8,9,2
designed,1',844,1236032.630325389,2503290.804112909,9,9,9,10
designed,1',845,298687.34084425855,250329.0804112909,9,7,9,1
designed,1',846,462024.1804712899,750987.2412338727,9,8,9,3
designed,1',847,414969.9570152019,0,9,0,9,0
designed,1',848,292203.52461319,500658.1608225818,9,8,9,2
designed,1',849,365484.1175680755,0,9,0,9,0
designed,1',850,1079085.3630476668,500658.1608225818,9,8,9,2
designed,1',851,281837.3415628659,250329.0804112909,9,7,9,1
designed,1',852,5195255.934909451,4505923.447403236,10,9,9,18
designed,1',853,3485234.3362043453,2503290.804112909,10,9,9,10
designed,1',854,3529669.946101492,3254278.0453467816,10,9,9,13
designed,1',855,279857.87615328666,1251645.4020564544,9,8,9,5
designed,1',856,4650292.9339604005,4505923.447403236,10,9,9,18
designed,1',857,276643.1159622429,1001316.3216451636,9,8,9,4
designed,1',858,1966097.2708435606,7509872.412338727,10,10,9,30
designed,1',859,286168.6686724325,250329.0804112909,9,7,9,1
designed,1',860,1103233.2532603953,2252961.723701618,9,9,9,9
designed,6',1101,283646.78238537285,172101.24278276248,8,7,7,11
designed,6',1102,286925.96983749216,250329.0804112909,8,7,7,16
designed,6',1103,441589.01523153693,531949.2958739932,8,8,7,34
designed,6',1104,349214.5203231994,312911.3505141136,8,7,7,20
designed,6',1105,499718.40878696385,375493.62061693636,8,7,7,24
designed,6',1106,5627114.137814481,6790176.306156266,10,9,7,434
designed,6',1107,276187.96756737353,297265.78298840794,8,7,7,19
designed,6',1108,4994766.032335617,3973974.1515292428,10,9,7,254
designed,6',1109,258863.39938935064,219037.94535987952,8,7,7,14
designed,6',1110,1665531.6609111999,2894429.992255551,9,9,7,185
designed,6',1111,455751.74400938605,203392.37783417385,8,7,7,13
designed,6',1112,278860.2230008723,391139.18814264203,8,7,7,25
designed,6',1113,279306.0074432478,281620.21546270227,8,7,7,18
designed,6',1114,15074752.951308442,14049719.638083702,10,10,7,898
designed,6',1115,283646.7823680028,265974.6479369966,8,7,7,17
designed,6',1116,14107830.689996868,15113618.229831688,10,10,7,966
designed,6',1117,902353.1163337607,782278.3762852841,9,8,7,50
designed,6',1118,11320657.174451645,12000150.292216256,10,10,7,767
designed,6',1119,1408221.2057135215,2362480.6963815577,9,9,7,151
designed,6',1120,17018725.34426892,16959795.197864957,10,10,7,1084
designed,6',1121,1125592.6499380437,328556.9180398193,9,7,7,21
designed,6',1122,3849149.759791513,2957012.2623583735,9,9,7,189
designed,6',1123,284530.5378568662,312911.3505141136,8,7,7,20
designed,6',1124,342998.99672834255,281620.21546270227,8,7,7,18
designed,6',1125,479185.51336226735,344202.48556552496,8,7,7,22
designed,6',1126,702634.5281871405,1580202.3200962737,8,8,7,101
designed,6',1127,276187.96756737353,234683.51288558522,8,7,7,15
designed,6',1128,415042.13472520513,438075.89071975905,8,8,7,28
designed,6',1129,1236032.630325389,2018278.2108160327,9,9,7,129
designed,6',1130,431722.4348130337,312911.3505141136,8,7,7,20
designed,6',1131,431643.2615508007,219037.94535987952,8,7,7,14
designed,6',1132,8503538.605163386,7588100.249967256,10,10,7,485
designed,6',1133,3866885.107353699,1517620.049993451,9,8,7,97
designed,6',1134,295822.90107068303,219037.94535987952,8,7,7,14
designed,6',1135,339203.83898226003,265974.6479369966,8,7,7,17
designed,6',1136,1593838.9842508351,2769265.4520499054,9,9,7,177
designed,6',1137,295047.1208247072,265974.6479369966,8,7,7,17
designed,6',1138,467462.6995863717,328556.9180398193,8,7,7,21
designed,6',1139,338015.27801181923,219037.94535987952,8,7,7,14
designed,6',1140,307157.85132150934,312911.3505141136,8,7,7,20
designed,6',1141,651801.5664685428,688404.9711310499,8,8,7,44
designed,6',1142,276682.0130624034,219037.94535987952,8,7,7,14
designed,6',1143,966167.3136845123,469367.02577117045,9,8,7,30
designed,6',1144,5483694.098593191,7322125.602030259,10,10,7,468
designed,6',1145,283646.78238537285,265974.6479369966,8,7,7,17
designed,6',1146,2744390.0719312592,2346835.128855852,9,9,7,150
designed,6',1147,416870.60237100784,219037.94535987952,8,7,7,14
designed,6',1148,277951.3149200156,265974.6479369966,8,7,7,17
designed,6',1149,584648.5844867394,641468.2685539329,8,8,7,41
designed,6',1150,5050346.148429043,6445973.82059074,10,9,7,412
designed,6',1151,285551.2031029006,234683.51288558522,8,7,7,15
designed,6',1152,365484.117463855,14221820.880866464,8,10,7,909
designed,6',1153,259785.47951300067,312911.3505141136,8,7,7,20
designed,6',1154,2344336.125817928,3473315.9907066613,9,9,7,222
designed,6',1155,1126442.0435476205,531949.2958739932,9,8,7,34
designed,6',1156,973892.354734484,4975290.473174406,9,9,7,318
designed,6',1157,392507.6554222371,328556.9180398193,8,7,7,21
designed,6',1158,3061830.417687003,6226935.875230861,9,9,7,398
designed,6',1159,265200.52013507416,297265.78298840794,8,7,7,19
designed,6',1160,3995616.717261516,4599796.85255747,9,9,7,294
designed,30',1301,451146.109902082,433675.57485315436,8,8,4,1774
designed,30',1302,2755972.487243217,1786772.7038341067,9,9,4,7309
designed,30',1303,1610390.4132248398,1719545.65587209,9,9,4,7034
designed,30',1304,2911953.197547255,2880740.1206705584,9,9,4,11784
designed,30',1305,314994.1371598507,263285.5660185159,8,7,4,1077
designed,30',1306,4742114.807417518,4761141.76766631,9,9,4,19476
designed,30',1307,788608.421613593,443209.59256413125,8,8,4,1813
designed,30',1308,455047.18297969055,397495.19994995993,8,7,4,1626
designed,30',1309,289220.43201998604,278442.2095590433,8,7,4,1139
designed,30',1310,274916.3990943715,285287.14535153954,7,7,4,1167
designed,30',1311,289220.43201991817,270619.42579619045,8,7,4,1107
designed,30',1312,288536.4157421033,271841.7357591362,8,7,4,1112
designed,30',1313,271462.1564416937,273552.96970726026,7,7,4,1119
designed,30',1314,532462.8451918472,281620.21546270227,8,7,4,1152
designed,30',1315,1211835.9037548976,2134397.6572958794,8,9,4,8731
designed,30',1316,744041.4605166299,1518842.3599563967,8,8,4,6213
designed,30',1317,305798.63749374636,288465.15125519846,8,7,4,1180
designed,30',1318,4945186.042034444,5267178.092325853,9,9,4,21546
designed,30',1319,261975.82485765312,262307.7180481593,7,7,4,1073
designed,30',1320,322424.4843991201,277219.89959609753,8,7,4,1134
designed,30',1321,550105.6093533278,327579.0700694627,8,7,4,1340
designed,30',1322,546727.0519791447,278686.67155163246,8,7,4,1140
designed,30',1323,329927.01021811756,296532.3970106405,8,7,4,1213
designed,30',1324,9547439.834516322,9748899.802462764,9,10,4,39879
designed,30',1325,309496.5517376293,340046.6316915094,8,7,4,1391
designed,30',1326,3139831.4770071507,3388243.2172856363,9,9,4,13860
designed,30',1327,396731.9179052999,275508.6656479735,8,7,4,1127
designed,30',1328,3103228.4349626345,3307326.2977386275,9,9,4,13529
designed,30',1329,340345.56224477885,291398.6951662683,8,7,4,1192
designed,30',1330,5302984.056737401,6210312.459734798,9,9,4,25404
designed,30',1331,266418.7999158815,284553.7593737721,7,7,4,1164
designed,30',1332,310171.46909092163,278686.67155163246,8,7,4,1140
designed,30',1333,290956.42691278964,270374.9638036013,8,7,4,1106
designed,30',1334,3126079.539039713,3275790.700694627,9,9,4,13400
designed,30',1335,1358783.3717745251,1250423.0920935087,8,8,4,5115
designed,30',1336,2408754.0206572996,3647128.4674375476,9,9,4,14919
designed,30',1337,314233.4176640298,368648.6848244401,8,7,4,1508
designed,30',1338,3331350.824600114,3125691.037244888,9,9,4,12786
designed,30',1339,460062.9860809513,539283.1556516677,8,8,4,2206
designed,30',1340,3746209.7395149264,3473560.45269925,9,9,4,14209
designed,30',1341,281297.0610022551,279664.51952198904,7,7,4,1144
designed,30',1342,412259.57406599127,273797.43169984943,8,7,4,1120
designed,30',1343,287183.90738661634,273308.5077146711,7,7,4,1118
designed,30',1344,255989.7630659671,270374.9638036013,7,7,4,1106
designed,30',1345,289038.79772838316,286020.53132930695,8,7,4,1170
designed,30',1346,2407293.206365714,2574184.781963763,9,9,4,10530
designed,30',1347,304757.7660317647,286264.9933218961,8,7,4,1171
designed,30',1348,293039.2659658163,294332.23907733813,8,7,4,1204
designed,30',1349,470252.07755854714,807946.885507145,8,8,4,3305
designed,30',1350,298262.4665758502,287731.76527743106,8,7,4,1177
designed,30',1351,341685.31415999297,1232332.9046419116,8,8,4,5041
designed,30',1352,525594.6150891329,589153.4021398545,8,8,4,2410
designed,30',1353,1014743.3108463868,662736.4619091891,8,8,4,2711
designed,30',1354,645840.9629425588,491613.0670967832,8,8,4,2011
designed,30',1355,283694.9643906415,293843.31509215984,7,7,4,1202
designed,30',1356,2164424.6963239303,2285719.630708564,9,9,4,9350
designed,30',1357,319817.3099039808,303866.256788315,8,7,4,1243
designed,30',1358,288392.7973078107,276975.43760350836,8,7,4,1133
designed,30',1359,700030.3539354061,282598.06343305885,8,7,4,1156
designed,30',1360,2262550.5924953558,2842359.5878340616,9,9,4,11627
designed,1deg,1401,543822.3658964712,534088.3383091482,8,8,3,8739
designed,1deg,1402,239832.74834288878,282292.4859423224,7,7,3,4619
designed,1deg,1403,308338.3777222577,298793.67044209014,7,7,3,4889
designed,1deg,1404,934604.6863103479,910682.0378927358,8,8,3,14901
designed,1deg,1405,335600.42561136355,272575.1217369037,7,7,3,4460
designed,1deg,1406,1583591.081936835,1534915.7359691334,8,8,3,25115
designed,1deg,1407,286492.5967579966,271536.15826839977,7,7,3,4443
designed,1deg,1408,7283500.2095477525,7296151.515317662,8,10,3,119383
designed,1deg,1409,286788.7632651908,290604.19369035354,7,7,3,4755
designed,1deg,1410,283776.86540662503,282414.716938617,7,7,3,4621
designed,1deg,1411,581073.1020558149,544966.8969793655,8,8,3,8917
designed,1deg,1412,282015.91013745446,275447.55014982616,7,7,3,4507
designed,1deg,1413,296958.89413121814,279358.9420312526,7,7,3,4571
designed,1deg,1414,670759.6861068296,694272.0589531896,8,8,3,11360
designed,1deg,1415,357118.0180631401,281375.7534701131,8,7,3,4604
designed,1deg,1416,7283500.2095477525,7296151.515317662,8,10,3,119383
designed,1deg,1417,293597.0432486463,280947.94498308207,7,7,3,4597
designed,1deg,1418,3351364.5830863686,3284224.639438953,8,9,3,53738
designed,1deg,1419,322424.4843989844,278808.902547927,7,7,3,4562
designed,1deg,1420,3899741.247157153,4145464.2393305325,8,9,3,67830
designed,1deg,1421,329927.01021818543,283698.14239971,7,7,3,4642
designed,1deg,1422,1874058.847626356,1876551.3706124723,8,9,3,30705
designed,1deg,1423,305683.9809805514,293904.4305903071,7,7,3,4809
designed,1deg,1424,3693161.360426645,3972018.45558853,8,9,3,64992
designed,1deg,1425,2639645.474663242,2779166.162749766,8,9,3,45474
designed,1deg,1426,591986.5435867987,578274.8434696373,8,8,3,9462
designed,1deg,1427,269656.54554814164,280092.3280090201,7,7,3,4583
designed,1deg,1428,3228637.214826469,3162299.2206351133,8,9,3,51743
designed,1deg,1429,2718628.7358667734,2875667.5343243335,8,9,3,47053
designed,1deg,1430,1114356.3972511895,1224937.9293660896,8,8,3,20043
designed,1deg,1431,300076.69645047095,285592.722842276,7,7,3,4673
designed,1deg,1432,828762.7030659954,775188.9785001987,8,8,3,12684
designed,1deg,1433,2214582.386170074,2624299.4904445386,8,9,3,42940
designed,1deg,1434,701221.0024719109,762232.4928929736,8,8,3,12472
designed,1deg,1435,2129340.7521605957,2104267.716709267,8,9,3,34431
designed,1deg,1436,583066.1784622556,545516.936462691,8,8,3,8926
designed,1deg,1437,293998.2790554364,277647.70808312856,7,7,3,4543
designed,1deg,1438,322374.73218457244,514470.2634038688,7,8,3,8418
designed,1deg,1439,327206.68063533504,297265.78298840794,7,7,3,4864
designed,1deg,1440,255989.76306603497,273247.3922165238,7,7,3,4471
gaia,"1""",1,54826.71935305485,0,14,0,15,0
gaia,"1""",2,5439661.122996793,1025347913.3646475,14,13,15,1
gaia,"1""",3,526210.8337144038,0,14,0,15,0
gaia,"1""",4,93127.27671493246,1025347913.3646475,14,13,15,1
gaia,"1""",5,79835.63301277532,0,14,0,15,0
gaia,"1""",6,3765298.146448012,1025347913.3646475,14,13,15,1
gaia,"1""",7,59383.47040301495,0,14,0,15,0
gaia,"1""",8,9266881.224694537,1025347913.3646475,14,13,15,1
gaia,"1""",9,302820.75220120844,0,14,0,15,0
gaia,"1""",10,3612077.2501013516,1025347913.3646475,14,13,15,1
gaia,"1""",11,1483636.2511753696,0,14,0,15,0
gaia,"1""",12,1092143.832776886,1025347913.3646475,14,13,15,1
gaia,"1""",13,369290.92099581135,0,14,0,15,0
gaia,"1""",14,8140069.429582768,1025347913.3646475,14,13,15,1
gaia,"1""",15,144590.3324513228,0,14,0,15,0
gaia,"1""",16,4657140.726476714,1025347913.3646475,14,13,15,1
gaia,"1""",17,114249.46227948314,0,14,0,15,0
gaia,"1""",18,400942.8673659502,1025347913.3646475,14,13,15,1
gaia,"1""",19,1102871.4925057953,0,14,0,15,0
gaia,"1""",20,13545029.578558331,1025347913.3646475,14,13,15,1
gaia,"1""",21,226946.09467487264,0,14,0,15,0
gaia,"1""",22,5925650.631898864,1025347913.3646475,14,13,15,1
gaia,"1""",23,150177.27578212574,0,14,0,15,0
gaia,"1""",24,228835.3022595067,1025347913.3646475,14,13,15,1
gaia,"1""",25,142833.59848733307,0,14,0,15,0
gaia,"1""",26,7752577.116902387,1025347913.3646475,14,13,15,1
gaia,"1""",27,771370.4148727246,0,14,0,15,0
gaia,"1""",28,420069.7246022616,1025347913.3646475,14,13,15,1
gaia,"1""",29,167772.2200218137,0,14,0,15,0
gaia,"1""",30,13072931.159604464,1025347913.3646475,14,13,15,1
gaia,"1""",31,98580.22345868837,0,14,0,15,0
gaia,"1""",32,294443.75220704,1025347913.3646475,14,13,15,1
gaia,"1""",33,324082.4125852388,0,14,0,15,0
gaia,"1""",34,167590.65574690272,1025347913.3646475,14,13,15,1
gaia,"1""",35,174373.4901031675,0,14,0,15,0
gaia,"1""",36,854772.7329285395,1025347913.3646475,14,13,15,1
gaia,"1""",37,102645.00077784542,0,14,0,15,0
gaia,"1""",38,3795193.0742706577,1025347913.3646475,14,13,15,1
gaia,"1""",39,756147.9010057566,0,14,0,15,0
gaia,"1""",40,9159355.33225682,1025347913.3646475,14,13,15,1
gaia,"1""",41,63199.735178181385,0,14,0,15,0
gaia,"1""",42,4642090.812504313,1025347913.3646475,14,13,15,1
gaia,"1""",43,130581.70951638112,0,14,0,15,0
gaia,"1""",44,10817132.782251038,1025347913.3646475,14,13,15,1
gaia,"1""",45,167773.35835582568,0,14,0,15,0
gaia,"1""",46,11262438.802731913,1025347913.3646475,14,13,15,1
gaia,"1""",47,351081.2763896536,0,14,0,15,0
gaia,"1""",48,4159198.1412818353,1025347913.3646475,14,13,15,1
gaia,"1""",49,737025.2413761143,0,14,0,15,0
gaia,"1""",50,549515.3767746857,1025347913.3646475,14,13,15,1
gaia,"1""",51,208084.04238809829,0,14,0,15,0
gaia,"1""",52,3155799.966413003,1025347913.3646475,14,13,15,1
gaia,"1""",53,52621.19720484158,0,14,0,15,0
gaia,"1""",54,7559797.975305373,1025347913.3646475,14,13,15,1
gaia,"1""",55,12178391.866301378,0,14,0,15,0
gaia,"1""",56,10938774.01643732,1025347913.3646475,14,13,15,1
gaia,"1""",57,90171.99042506616,0,14,0,15,0
gaia,"1""",58,849848.442284461,1025347913.3646475,14,13,15,1
gaia,"1""",59,302820.75220120844,0,14,0,15,0
gaia,"1""",60,1840713.4173896303,1025347913.3646475,14,13,15,1
gaia,1',801,291417.34394199244,500658.1608225818,9,8,9,2
gaia,1',802,60821.341891750206,250329.0804112909,8,7,9,1
gaia,1',803,77441.57901835849,250329.0804112909,8,7,9,1
gaia,1',804,4725396.858239955,4255594.366991946,10,9,9,17
gaia,1',805,1540205.5808549454,1251645.4020564544,10,8,9,5
gaia,1',806,4133166.4953754228,3504607.1257580724,10,9,9,14
gaia,1',807,11989790.45846843,13768099.422620999,11,10,9,55
gaia,1',808,280276.5731843254,250329.0804112909,9,7,9,1
gaia,1',809,79835.78781063778,250329.0804112909,8,7,9,1
gaia,1',810,6673399.249521924,10513821.377274217,10,10,9,42
gaia,1',811,251033.93270571707,0,9,0,9,0
gaia,1',812,402338.3814558266,500658.1608225818,9,8,9,2
gaia,1',813,81195.10980592911,0,8,0,9,0
gaia,1',814,1606766.1702909183,1752303.5628790362,10,9,9,7
gaia,1',815,117384.33418643916,0,8,0,9,0
gaia,1',816,539245.580219948,500658.1608225818,9,8,9,2
gaia,1',817,1395969.9114974495,1501974.4824677454,9,8,9,6
gaia,1',818,781535.9973273227,1001316.3216451636,9,8,9,4
gaia,1',819,54826.446164008514,0,8,0,9,0
gaia,1',820,2222687.5528409975,2252961.723701618,10,9,9,9
gaia,1',821,825349.9408097328,1001316.3216451636,9,8,9,4
gaia,1',822,1506639.3883459182,1501974.4824677454,10,8,9,6
gaia,1',823,335396.90100587974,250329.0804112909,9,7,9,1
gaia,1',824,3765297.4577781674,6258227.0102822725,10,9,9,25
gaia,1',825,539245.580219948,250329.0804112909,9,7,9,1
gaia,1',826,23619056.43400756,23280604.478250053,11,10,9,93
gaia,1',827,361711.2344193854,500658.1608225818,9,8,9,2
gaia,1',828,20571859.281952586,19775997.352491982,11,10,9,79
gaia,1',829,79835.78781063778,0,8,0,9,0
gaia,1',830,464798.52027322754,1251645.4020564544,9,8,9,5
gaia,1',831,52808.72309074386,0,8,0,9,0
gaia,1',832,862267.4605601704,1001316.3216451636,9,8,9,4
gaia,1',833,117135.66707039085,250329.0804112909,8,7,9,1
gaia,1',834,21193752.13628456,23030275.397838764,11,10,9,92
gaia,1',835,786678.548354539,750987.2412338727,9,8,9,3
gaia,1',836,757570.3363406765,1001316.3216451636,9,8,9,4
gaia,1',837,181029.8573849308,0,8,0,9,0
gaia,1',838,1438532.7499086985,2002632.6432903272,9,9,9,8
gaia,1',839,105555.90114291411,0,8,0,9,0
gaia,1',840,81195.10987540749,250329.0804112909,8,7,9,1
gaia,1',841,379755.0955867614,750987.2412338727,9,8,9,3
gaia,1',842,1982455.0809262544,1752303.5628790362,10,9,9,7
gaia,1',843,341423.43802811997,250329.0804112909,9,7,9,1
gaia,1',844,1682666.8958328767,1752303.5628790362,10,9,9,7
gaia,1',845,614322.4702872346,500658.1608225818,9,8,9,2
gaia,1',846,4469616.181368486,6508556.090693563,10,9,9,26
gaia,1',847,99219.44483485346,250329.0804112909,8,7,9,1
gaia,1',848,54826.44609453012,250329.0804112909,8,7,9,1
gaia,1',849,546410.4846037984,500658.1608225818,9,8,9,2
gaia,1',850,174373.50149762418,250329.0804112909,8,7,9,1
gaia,1',851,93127.27990008259,0,8,0,9,0
gaia,1',852,5205370.194072905,3754936.2061693636,10,9,9,15
gaia,1',853,343195.53394299996,250329.0804112909,9,7,9,1
gaia,1',854,866832.2023202572,1501974.4824677454,9,8,9,6
gaia,1',855,60821.34161383663,0,8,0,9,0
gaia,1',856,10278321.494937913,10764150.457685508,11,10,9,43
gaia,1',857,537791.3954821479,750987.2412338727,9,8,9,3
gaia,1',858,11989790.45846843,12766783.100975836,11,10,9,51
gaia,1',859,79835.78781063778,0,8,0,9,0
gaia,1',860,1198332.127723637,3003948.964935491,9,9,9,12
gaia,6',1101,414983.10427301185,735341.673708167,8,8,7,47
gaia,6',1102,4789027.850321052,6758885.171104854,10,9,7,432
gaia,6',1103,86742.88574389966,62582.270102822724,7,6,7,4
gaia,6',1104,63199.60397257617,78227.8376285284,7,6,7,5
gaia,6',1105,59383.47809774712,15645.567525705681,7,5,7,1
gaia,6',1106,7370380.34332979,7963593.870584192,10,10,7,509
gaia,6',1107,466910.09832768934,250329.0804112909,8,7,7,16
gaia,6',1108,4551718.360063221,5225619.553585697,10,9,7,334
gaia,6',1109,52620.85022105571,31291.135051411362,7,6,7,2
gaia,6',1110,4434607.306634595,4380758.907197591,10,9,7,280
gaia,6',1111,1188861.1379205093,1142126.4293765146,9,8,7,73
gaia,6',1112,1058107.0902824393,1689721.2927762135,9,8,7,108
gaia,6',1113,117135.66706387725,125164.54020564545,7,7,7,8
gaia,6',1114,3086079.587581922,2268607.291227324,9,9,7,145
gaia,6',1115,555392.3581140449,297265.78298840794,8,7,7,19
gaia,6',1116,15645491.494524462,18008048.222087238,10,10,7,1151
gaia,6',1117,54826.44612492691,46936.702577117045,7,6,7,3
gaia,6',1118,1384486.0259972617,1799240.2654561533,9,9,7,115
gaia,6',1119,379755.0958125662,250329.0804112909,8,7,7,16
gaia,6',1120,1805649.9839649936,1392455.5097878056,9,8,7,89
gaia,6',1121,73235.68286892895,62582.270102822724,7,6,7,4
gaia,6',1122,11454258.23296349,16146225.686528262,10,10,7,1032
gaia,6',1123,398446.1286298088,234683.51288558522,8,7,7,15
gaia,6',1124,714591.9846634753,844860.6463881067,8,8,7,54
gaia,6',1125,105555.9011993653,78227.8376285284,7,6,7,5
gaia,6',1126,9562496.860866396,8745872.246869475,10,10,7,559
gaia,6',1127,294443.62714593025,250329.0804112909,8,7,7,16
gaia,6',1128,272409.3228465509,422430.3231940534,8,7,7,27
gaia,6',1129,150177.21884458163,172101.24278276248,8,7,7,11
gaia,6',1130,83002.32266677427,31291.135051411362,7,6,7,2
gaia,6',1131,98580.2558171649,62582.270102822724,7,6,7,4
gaia,6',1132,1505639.3925997885,1189063.1319536318,9,8,7,76
gaia,6',1133,167222.88639641926,391139.18814264203,8,7,7,25
gaia,6',1134,737025.2404514547,876151.7814395181,8,8,7,56
gaia,6',1135,323383.9220938025,203392.37783417385,8,7,7,13
gaia,6',1136,462274.17676359956,641468.2685539329,8,8,7,41
gaia,6',1137,440242.9654501827,187746.81030846818,8,7,7,12
gaia,6',1138,122965.61072913215,93873.40515423409,7,6,7,6
gaia,6',1139,72853.15282055222,78227.8376285284,7,6,7,5
gaia,6',1140,1732593.117426661,2863138.8572041397,9,9,7,183
gaia,6',1141,1957302.6543106695,1908759.2381360931,9,9,7,122
gaia,6',1142,1196443.6991828685,797923.9438109897,9,8,7,51
gaia,6',1143,139156.78996354545,250329.0804112909,8,7,7,16
gaia,6',1144,4133166.4951843573,4897062.635545878,9,9,7,313
gaia,6',1145,135192.557538417,281620.21546270227,8,7,7,18
gaia,6',1146,1845535.5592483177,1470683.347416334,9,8,7,94
gaia,6',1147,1682666.8956591806,1298582.1046335716,9,8,7,83
gaia,6',1148,659287.2192966992,938734.0515423409,8,8,7,60
gaia,6',1149,58229.781391239936,78227.8376285284,7,6,7,5
gaia,6',1150,11643705.50837366,14221820.880866464,10,10,7,909
gaia,6',1151,4688171.116856153,4474632.312351825,10,9,7,286
gaia,6',1152,4102373.561026221,4490277.87987753,9,9,7,287
gaia,6',1153,391406.0990840979,297265.78298840794,8,7,7,19
gaia,6',1154,9266881.807791961,11515137.698919382,10,10,7,736
gaia,6',1155,102645.19008475785,78227.8376285284,7,6,7,5
gaia,6',1156,1188861.1379205093,829215.0788624011,9,8,7,53
gaia,6',1157,63199.60397257617,62582.270102822724,7,6,7,4
gaia,6',1158,12136327.805171106,9762834.136040345,10,10,7,624
gaia,6',1159,413243.0880265592,250329.0804112909,8,7,7,16
gaia,6',1160,8698616.060351089,7134378.79172179,10,10,7,456
gaia,30',1301,170562.69791260018,261818.794062981,7,7,4,1071
gaia,30',1302,4743660.693641704,4658223.268786278,9,9,4,19055
gaia,30',1303,96579.62936097854,101207.26493190862,7,6,4,414
gaia,30',1304,7234678.00188756,6708526.000631489,9,9,4,27442
gaia,30',1305,52620.850222751964,47914.55054747365,6,6,4,196
gaia,30',1306,6318449.012078141,6803132.79176349,9,9,4,27829
gaia,30',1307,546410.4845280779,572285.5246512031,8,8,4,2341
gaia,30',1308,2438107.122506317,2448042.3937877608,9,9,4,10014
gaia,30',1309,144590.342981167,237372.59480406588,7,7,4,971
gaia,30',1310,809242.8020119087,642935.0405094678,8,8,4,2630
gaia,30',1311,97181.96345205852,127853.62212412611,7,7,4,523
gaia,30',1312,3521945.5908612623,4455319.814937281,9,9,4,18225
gaia,30',1313,97181.96345205852,103162.96087262183,7,6,4,422
gaia,30',1314,2254609.2046266557,1526909.6057118387,9,8,4,6246
gaia,30',1315,1127870.4058004334,1440614.5223278685,8,8,4,5893
gaia,30',1316,6745343.304610194,6720993.562253536,9,9,4,27493
gaia,30',1317,759714.5410436236,943867.753386713,8,8,4,3861
gaia,30',1318,84513.46924908232,124186.69223528884,7,7,4,508
gaia,30',1319,52620.850222751964,58915.34021398545,6,6,4,241
gaia,30',1320,1483636.767904643,1680431.7370578258,9,8,4,6874
gaia,30',1321,139156.78995458924,163056.14905696388,7,7,4,667
gaia,30',1322,2013129.2496838572,1933205.4373950083,9,9,4,7908
gaia,30',1323,3446632.77296816,4139719.3825046876,9,9,4,16934
gaia,30',1324,12313720.984149331,13261818.635968868,9,10,4,54249
gaia,30',1325,559859.9319259848,527060.0560222102,8,8,4,2156
gaia,30',1326,12597811.482493645,12790984.838242162,9,10,4,52323
gaia,30',1327,99219.44484129922,136165.32987215725,7,7,4,557
gaia,30',1328,5407733.533089404,5799127.388199846,9,9,4,23722
gaia,30',1329,107404.26569486779,81161.38153959822,7,6,4,332
gaia,30',1330,15597880.002719058,15718417.199497247,9,10,4,64298
gaia,30',1331,90171.1933881963,69916.12988049726,7,6,4,286
gaia,30',1332,559859.9319259848,527060.0560222102,8,8,4,2156
gaia,30',1333,81195.10985050656,83117.07748031143,7,6,4,340
gaia,30',1334,11327036.159273835,10686656.006034747,9,10,4,43715
gaia,30',1335,818498.1531079505,984692.9061491013,8,8,4,4028
gaia,30',1336,2916049.6501636175,2610365.156866957,9,9,4,10678
gaia,30',1337,163364.4875761622,210970.69960443754,7,7,4,863
gaia,30',1338,481786.29021736817,333690.6198841915,8,7,4,1365
gaia,30',1339,563149.438305338,382094.09441684344,8,7,4,1563
gaia,30',1340,10316446.211898174,9683872.912434049,9,10,4,39613
gaia,30',1341,60821.34177152001,48892.398517830254,7,6,4,200
gaia,30',1342,972271.0673684388,1176595.5703315851,8,8,4,4813
gaia,30',1343,133107.4806001709,91428.78522834257,7,6,4,374
gaia,30',1344,862267.4605754365,845594.0323658743,8,8,4,3459
gaia,30',1345,193962.54336707058,200703.2959156932,7,7,4,821
gaia,30',1346,9191095.288380804,9115254.317671683,9,10,4,37287
gaia,30',1347,99219.44484129922,95095.71511717985,7,6,4,389
gaia,30',1348,1145019.3584378704,1398811.5215951235,8,8,4,5722
gaia,30',1349,744290.2554589726,861239.59989158,8,8,4,3523
gaia,30',1350,1170076.9188268154,1341362.953336673,8,8,4,5487
gaia,30',1351,1039152.0371897178,1071721.375510839,8,8,4,4384
gaia,30',1352,756362.5967762638,935311.5836460927,8,8,4,3826
gaia,30',1353,70963.07343909175,57204.106265861396,7,6,4,234
gaia,30',1354,7927834.220896824,8011263.959139076,9,10,4,32771
gaia,30',1355,12224093.790439146,12780961.896546006,9,10,4,52282
gaia,30',1356,5517877.408055756,5430723.165367995,9,9,4,22215
gaia,30',1357,354562.3141402056,363514.9829800679,8,7,4,1487
gaia,30',1358,559859.9319259891,373782.3866688123,8,7,4,1529
gaia,30',1359,759714.5410430807,599909.7298137771,8,8,4,2454
gaia,30',1360,4424835.70589208,4349223.3101535905,9,9,4,17791
gaia,1deg,1401,579108.7528458516,444493.0180252243,8,8,3,7273
gaia,1deg,1402,1352096.8205632896,1612654.6496124836,8,8,3,26387
gaia,1deg,1403,133296.12834095844,106096.50478369165,7,6,3,1736
gaia,1deg,1404,2187185.811598799,1795512.2200691688,8,9,3,29379
gaia,1deg,1405,79835.78782705749,170451.12433278572,7,7,3,2789
gaia,1deg,1406,634707.8679089043,725746.5404990428,8,8,3,11875
gaia,1deg,1407,120412.86542724258,62337.80811023357,7,6,3,1020
gaia,1deg,1408,9170599.353627065,9420892.92390627,8,10,3,154149
gaia,1deg,1409,6207391.197529066,6453368.795866562,8,9,3,105593
gaia,1deg,1410,2796731.0822101627,2999426.4180725915,8,9,3,49078
gaia,1deg,1411,186163.59515275687,216837.78742657718,7,7,3,3548
gaia,1deg,1412,1952639.6300652742,2060631.2510321033,8,9,3,33717
gaia,1deg,1413,5856811.494010055,5779814.890785303,8,9,3,94572
gaia,1deg,1414,5856182.830576114,5803038.780081273,8,9,3,94952
gaia,1deg,1415,105555.90119688878,66493.66198424915,7,6,3,1088
gaia,1deg,1416,1563631.2500695365,1565717.9470353664,8,8,3,25619
gaia,1deg,1417,2208790.307436335,2116185.2388479877,8,9,3,34626
gaia,1deg,1418,6176092.15127697,6094009.66676051,8,9,3,99713
gaia,1deg,1419,421180.9705854994,447732.1394270305,8,8,3,7326
gaia,1deg,1420,3103112.7073905063,3084926.999980647,8,9,3,50477
gaia,1deg,1421,74556.12842471621,77677.79814520282,7,6,3,1271
gaia,1deg,1422,6899232.723283563,6872071.073673631,8,10,3,112444
gaia,1deg,1423,953793.0059329174,930850.1522813407,8,8,3,15231
gaia,1deg,1424,10686675.274581933,10279443.44187937,8,10,3,168197
gaia,1deg,1425,1036523.1022471334,992699.036406396,8,8,3,16243
gaia,1deg,1426,159638.85015809408,179924.02654561534,7,7,3,2944
gaia,1deg,1427,109155.97580993298,74255.33024895469,7,6,3,1215
gaia,1deg,1428,13617484.041403873,13784233.914131884,8,10,3,225544
gaia,1deg,1429,416157.5202147479,620811.2301801497,8,8,3,10158
gaia,1deg,1430,6899232.723283563,6872071.073673631,8,10,3,112444
gaia,1deg,1431,60821.341771655716,47547.85755858992,6,6,3,778
gaia,1deg,1432,3800373.7196446056,4017916.194697143,8,9,3,65743
gaia,1deg,1433,1176068.3678823658,1036702.1950724432,8,8,3,16963
gaia,1deg,1434,965750.8388971182,916671.3567111699,8,8,3,14999
gaia,1deg,1435,62925.40073159937,73583.05976933453,6,6,3,1204
gaia,1deg,1436,78203.085815518,86661.77637285412,7,6,3,1418
gaia,1deg,1437,178271.10020595876,342002.3276322226,7,7,3,5596
gaia,1deg,1438,933689.3673525484,1107962.8659121809,8,8,3,18129
gaia,1deg,1439,114249.40701690943,85256.11991546651,7,6,3,1395
gaia,1deg,1440,2508134.2721926495,2586713.4590839567,8,9,3,42325
