corpus,label,range_cost,ms,nranges,area_ratio,deepest,buffers
designed,"1""",0.3,0.021,1.15,70.00112365001448,14.075,
designed,"1""",1,0.0195,1.15,73.96345140378887,14,
designed,"1""",3,0.02,1.15,73.96345140378887,14,
designed,"1""",10,0.019,1.15,73.96345140378887,14,
designed,"1""",30,0.019,1.15,73.96345140378887,14,
designed,"1""",100,0.019,1.15,73.96345140378887,14,
designed,"1""",300,0.019,1.15,73.96345140378887,14,
designed,"1""",1000,0.02,1.15,73.96345140378887,14,
designed,1',0.3,0.044,2.85,4.7562608668556265,11.7,
designed,1',1,0.0305,2.05,8.46030357834702,11.1,
designed,1',3,0.0205,1.475,14.076536326713716,10.45,
designed,1',10,0.021,1.4,21.108934374838427,9.775,
designed,1',30,0.0195,1.375,25.264975959205948,9.425,
designed,1',100,0.021,1.275,54.005060135849135,8.525,
designed,1',300,0.02,1.25,63.86685372587375,8.3,
designed,1',1000,0.022,1.175,84.15397196821012,8.075,
designed,30',0.3,0.1655,15.025,1.3174187457895177,9,
designed,30',1,0.156,15.025,1.3174187457895177,9,
designed,30',3,0.1,10.95,1.4013227913863786,9,
designed,30',10,0.083,8.625,1.6346678734194398,8.525,
designed,30',30,0.0685,5.6,2.000756669381862,8.225,
designed,30',100,0.057,3.525,2.95793068208635,7.475,
designed,30',300,0.0615,2.475,4.411432606306597,6.725,
designed,30',1000,0.088,1.925,6.812507582789903,6.1,
designed,1deg,0.3,0.2005,15,1.3145217408308068,8,
designed,1deg,1,0.1845,15,1.3145217408308068,8,
designed,1deg,3,0.1805,15,1.3145217408308068,8,
designed,1deg,10,0.1465,11.75,1.3754681283066077,8,
designed,1deg,30,0.1205,8.775,1.5795967822495312,7.55,
designed,1deg,100,0.106,5.825,1.9419355790234722,7.275,
designed,1deg,300,0.11649999999999999,3.775,2.6369748608536683,6.475,
designed,1deg,1000,0.2005,2.6,4.421535179066339,5.725,
gaia,"1""",0.3,0.02,1.2,67.02937783468369,14.1,
gaia,"1""",1,0.019,1.2,72.64267548586407,14,
gaia,"1""",3,0.019,1.2,72.64267548586407,14,
gaia,"1""",10,0.018,1.2,72.64267548586407,14,
gaia,"1""",30,0.019,1.2,72.64267548586407,14,
gaia,"1""",100,0.02,1.2,72.64267548586407,14,
gaia,"1""",300,0.02,1.2,72.64267548586407,14,
gaia,"1""",1000,0.02,1.2,72.64267548586407,14,
gaia,1',0.3,0.027,2.6,5.656589790587784,11.55,
gaia,1',1,0.027,1.95,8.053798098520108,10.95,
gaia,1',3,0.02,1.525,13.096227082943418,10.2,
gaia,1',10,0.024,1.2,24.912769045276494,9.725,
gaia,1',30,0.0305,1.2,40.081146805171514,9.1,
gaia,1',100,0.02,1.175,54.1929038232782,8.6,
gaia,1',300,0.029,1.175,65.74529060016418,8.3,
gaia,1',1000,0.0215,1.175,75.13747497161617,8.1,
gaia,30',0.3,0.1865,15.75,1.3286894384816328,9,
gaia,30',1,0.1745,13.325,1.3829557366288565,9,
gaia,30',3,0.14200000000000002,11.3,1.528222442438347,8.75,
gaia,30',10,0.094,8.575,1.829191680624102,8.525,
gaia,30',30,0.07999999999999999,6.65,2.3200929623251385,8.025,
gaia,30',100,0.07200000000000001,4.175,3.640433739553354,7.35,
gaia,30',300,0.0895,2.85,5.820269192821056,6.85,
gaia,30',1000,0.10500000000000001,2.225,9.263674526793718,6.175,
gaia,1deg,0.3,0.2425,15.025,1.3161915048712398,8,
gaia,1deg,1,0.23399999999999999,14.9,1.318278709921781,8,
gaia,1deg,3,0.232,12.95,1.3554309598214134,8,
gaia,1deg,10,0.2305,11.35,1.461460976388903,7.8,
gaia,1deg,30,0.197,9.275,1.6422129337657654,7.625,
gaia,1deg,100,0.1755,6.85,2.0554795337729086,7.15,
gaia,1deg,300,0.19,4.65,3.1116052893467243,6.575,
gaia,1deg,1000,0.274,3.025,5.8066044506054375,5.9,
gaia-cold,30',0.3,2.6515,15.75,1.3286894384816328,9,
gaia-cold,1deg,0.3,2.618,15.025,1.3161915048712398,8,
gaia-cold,30',1,2.8440000000000003,13.325,1.3829557366288565,9,
gaia-cold,1deg,1,3.359,14.9,1.318278709921781,8,
gaia-cold,30',3,2.34,11.3,1.528222442438347,8.75,
gaia-cold,1deg,3,2.675,12.95,1.3554309598214134,8,
gaia-cold,30',10,2.1315,8.575,1.829191680624102,8.525,
gaia-cold,1deg,10,3.6465,11.35,1.461460976388903,7.8,
gaia-cold,30',30,2.519,6.65,2.3200929623251385,8.025,
gaia-cold,1deg,30,2.6785,9.275,1.6422129337657654,7.625,
gaia-cold,30',100,2.2595,4.175,3.640433739553354,7.35,
gaia-cold,1deg,100,2.3375,6.85,2.0554795337729086,7.15,
gaia-cold,30',300,2.362,2.85,5.820269192821056,6.85,
gaia-cold,1deg,300,2.7445,4.65,3.1116052893467243,6.575,
gaia-cold,30',1000,2.2039999999999997,2.225,9.263674526793718,6.175,
gaia-cold,1deg,1000,3.2385,3.025,5.8066044506054375,5.9,
gaia50-sweep,30',3,0.28049999999999997,14.475,1.440561499277448,9,
gaia50-sweep,30',10,0.4065,12.175,1.5515986939479205,8.875,
gaia50-sweep,30',30,0.199,9.975,1.7640721228474334,8.625,
gaia50-sweep,30',60,0.177,8.75,2.0871653133547494,8.4,
gaia50-sweep,30',100,0.193,7.625,2.343469213834713,8.175,
gaia50-sweep,30',300,0.2405,4.95,3.306487289416592,7.775,
gaia50-sweep,30',1000,0.315,3.075,5.777273587365946,7.1,
gaia50-sweep,1deg,3,0.7030000000000001,15.75,1.4021843529535345,8,
gaia50-sweep,1deg,10,0.7045,14.825,1.4180471113376467,8,
gaia50-sweep,1deg,30,0.712,13.15,1.4961085802278857,7.95,
gaia50-sweep,1deg,60,0.8955,12.05,1.5808491052798554,7.8,
gaia50-sweep,1deg,100,0.7190000000000001,10.875,1.6689291584126917,7.725,
gaia50-sweep,1deg,300,0.7065,9.125,2.094718988723083,7.375,
gaia50-sweep,1deg,1000,1.085,6.175,3.104508792174884,6.85,
