qid,field_id,ra,dec
1,1407,286.777379,14.929387
2,1566,86.284169,-18.339286
3,183,95.756341,16.574484
4,3851,259.275355,-32.177270
5,1361,209.554832,-58.868728
6,2107,83.549976,39.565249
7,3070,254.283266,49.806239
8,3698,271.083790,-24.926372
9,2660,84.149127,51.693640
10,1243,249.237354,-72.265129
11,128,270.689065,-33.701229
12,766,204.049929,-72.988135
13,2272,256.961075,-74.730035
14,3440,157.206251,-17.279928
15,3112,271.118336,-34.267187
16,3735,163.448362,-57.021545
17,2971,280.994038,5.583717
18,3553,168.560452,-53.057336
19,2232,286.225792,-26.754578
20,1068,85.834317,27.433141
21,3853,248.039407,-25.255118
22,185,283.926667,-18.972314
23,2239,111.734534,-32.576729
24,438,186.346557,-63.323485
25,1593,252.168536,-27.468538
26,1300,264.488658,-34.492440
27,1913,282.502886,-19.578304
28,685,294.302568,-0.605089
29,1573,239.335148,-32.308900
30,82,325.231913,35.718589
31,1981,171.945085,-59.035825
32,2128,264.998416,-22.142841
33,613,302.752355,35.497484
34,559,275.780942,12.598417
35,2553,278.636381,-45.971610
36,2006,272.728532,-37.280436
37,3830,82.629764,-64.810262
38,727,265.925864,-40.538801
39,3269,211.949725,-64.722821
40,2271,21.340119,44.895124
