rows_m,radius_arcsec,rep,blk,method,slot,n,ms
10,1,1,0,skycell_slots,1,12390,201.229
10,1,1,0,q3c,2,12390,269.745
10,1,1,0,skycell_lateral,3,12390,151.866
10,1,1,0,pgsphere,4,12390,440.793
10,1,1,1,q3c,1,12390,170.481
10,1,1,1,skycell_lateral,2,12390,157.098
10,1,1,1,skycell_slots,3,12390,213.257
10,1,1,1,pgsphere,4,12390,459.921
10,1,1,2,skycell_slots,1,12503,215.858
10,1,1,2,skycell_lateral,2,12503,216.883
10,1,1,2,q3c,3,12503,172.262
10,1,1,2,pgsphere,4,12503,549.798
10,1,1,3,pgsphere,1,12501,638.308
10,1,1,3,skycell_slots,2,12500,204.719
10,1,1,3,q3c,3,12500,176.306
10,1,1,3,skycell_lateral,4,12500,190.769
10,1,1,4,skycell_lateral,1,12515,134.502
10,1,1,4,skycell_slots,2,12515,189.463
10,1,1,4,q3c,3,12515,175.576
10,1,1,4,pgsphere,4,12515,517.153
10,1,1,5,pgsphere,1,12439,648.044
10,1,1,5,skycell_lateral,2,12439,225.566
10,1,1,5,q3c,3,12439,191.269
10,1,1,5,skycell_slots,4,12439,223.78
10,1,1,6,skycell_slots,1,12400,257.807
10,1,1,6,pgsphere,2,12400,469.678
10,1,1,6,q3c,3,12400,192.584
10,1,1,6,skycell_lateral,4,12400,161.102
10,1,1,7,pgsphere,1,12520,580.801
10,1,1,7,skycell_slots,2,12520,227.811
10,1,1,7,skycell_lateral,3,12520,199.655
10,1,1,7,q3c,4,12520,241.727
10,1,2,0,q3c,1,12390,196.908
10,1,2,0,pgsphere,2,12390,469.023
10,1,2,0,skycell_slots,3,12390,269.641
10,1,2,0,skycell_lateral,4,12390,208.833
10,1,2,1,skycell_slots,1,12390,197.032
10,1,2,1,q3c,2,12390,175.031
10,1,2,1,skycell_lateral,3,12390,144.991
10,1,2,1,pgsphere,4,12390,484.222
10,1,2,2,pgsphere,1,12503,468.003
10,1,2,2,q3c,2,12503,211.604
10,1,2,2,skycell_lateral,3,12503,138.363
10,1,2,2,skycell_slots,4,12503,212.909
10,1,2,3,pgsphere,1,12501,455.394
10,1,2,3,skycell_lateral,2,12500,146.145
10,1,2,3,q3c,3,12500,181.239
10,1,2,3,skycell_slots,4,12500,213.687
10,1,2,4,skycell_slots,1,12515,230.261
10,1,2,4,pgsphere,2,12515,470.311
10,1,2,4,skycell_lateral,3,12515,155.992
10,1,2,4,q3c,4,12515,212.333
10,1,2,5,pgsphere,1,12439,491.765
10,1,2,5,skycell_lateral,2,12439,158.371
10,1,2,5,skycell_slots,3,12439,197.595
10,1,2,5,q3c,4,12439,173.525
10,1,2,6,skycell_lateral,1,12400,140.912
10,1,2,6,pgsphere,2,12400,556.949
10,1,2,6,skycell_slots,3,12400,210.564
10,1,2,6,q3c,4,12400,238.325
10,1,2,7,pgsphere,1,12520,494.884
10,1,2,7,skycell_lateral,2,12520,143.664
10,1,2,7,q3c,3,12520,178.463
10,1,2,7,skycell_slots,4,12520,208.936
10,10,1,0,pgsphere,1,13065,509.323
10,10,1,0,skycell_lateral,2,13065,156.747
10,10,1,0,skycell_slots,3,13065,238.117
10,10,1,0,q3c,4,13065,228.748
10,10,1,1,pgsphere,1,13012,506.57
10,10,1,1,skycell_lateral,2,13012,171.438
10,10,1,1,q3c,3,13012,211.792
10,10,1,1,skycell_slots,4,13012,297.401
10,10,1,2,pgsphere,1,13186,483.155
10,10,1,2,skycell_slots,2,13185,256.672
10,10,1,2,q3c,3,13185,237.997
10,10,1,2,skycell_lateral,4,13185,152.44
10,10,1,3,skycell_lateral,1,13132,172.825
10,10,1,3,skycell_slots,2,13132,243.248
10,10,1,3,pgsphere,3,13132,562.059
10,10,1,3,q3c,4,13132,283.491
10,10,1,4,q3c,1,13153,196.234
10,10,1,4,skycell_lateral,2,13153,181.933
10,10,1,4,skycell_slots,3,13153,228.827
10,10,1,4,pgsphere,4,13153,590.127
10,10,1,5,skycell_slots,1,13047,310.291
10,10,1,5,skycell_lateral,2,13047,182.346
10,10,1,5,pgsphere,3,13047,482.044
10,10,1,5,q3c,4,13047,249.521
10,10,1,6,pgsphere,1,13049,851.962
10,10,1,6,skycell_lateral,2,13049,217.391
10,10,1,6,q3c,3,13049,280.865
10,10,1,6,skycell_slots,4,13049,248.562
10,10,1,7,q3c,1,13222,209.326
10,10,1,7,skycell_lateral,2,13222,262.219
10,10,1,7,skycell_slots,3,13222,360.279
10,10,1,7,pgsphere,4,13222,626.398
10,10,2,0,skycell_slots,1,13065,353.554
10,10,2,0,pgsphere,2,13065,615.892
10,10,2,0,skycell_lateral,3,13065,192.199
10,10,2,0,q3c,4,13065,254.629
10,10,2,1,skycell_slots,1,13012,283.058
10,10,2,1,skycell_lateral,2,13012,290.993
10,10,2,1,pgsphere,3,13012,785.028
10,10,2,1,q3c,4,13012,322.647
10,10,2,2,skycell_lateral,1,13185,288.58
10,10,2,2,pgsphere,2,13186,570.441
10,10,2,2,q3c,3,13185,338.173
10,10,2,2,skycell_slots,4,13185,282.171
10,10,2,3,pgsphere,1,13132,592.757
10,10,2,3,q3c,2,13132,210.707
10,10,2,3,skycell_slots,3,13132,293.663
10,10,2,3,skycell_lateral,4,13132,216.268
10,10,2,4,q3c,1,13153,235.971
10,10,2,4,skycell_slots,2,13153,275.499
10,10,2,4,skycell_lateral,3,13153,192.265
10,10,2,4,pgsphere,4,13153,718.986
10,10,2,5,q3c,1,13047,201.833
10,10,2,5,pgsphere,2,13047,538.162
10,10,2,5,skycell_lateral,3,13047,228.555
10,10,2,5,skycell_slots,4,13047,272.578
10,10,2,6,pgsphere,1,13049,553.253
10,10,2,6,skycell_lateral,2,13049,189.798
10,10,2,6,q3c,3,13049,236.102
10,10,2,6,skycell_slots,4,13049,297.894
10,10,2,7,skycell_slots,1,13222,261.926
10,10,2,7,pgsphere,2,13222,566.329
10,10,2,7,skycell_lateral,3,13222,269.732
10,10,2,7,q3c,4,13222,298.67
