n,radius_arcsec,targets,method,ms,rows_out,plan_shape,timed_out
1000,0.5,clustered,skycell_join,6.528,1000,index,f
1000,0.5,clustered,skycell_cs,4.851,1000,index,f
1000,0.5,clustered,q3c_join,6.989,1000,index,f
1000,0.5,clustered,pgsphere,18.618,1000,index,f
1000,0.5,clustered,skycell_slots,8.531,1000,index,f
1000,1,clustered,skycell_join,5.302,1000,index,f
1000,1,clustered,skycell_cs,4.824,1000,index,f
1000,1,clustered,skycell_slots,7.181,1000,index,f
1000,1,clustered,q3c_join,6.869,1000,index,f
1000,1,clustered,pgsphere,16.992,1000,index,f
1000,1.5,clustered,skycell_slots,8.971,1000,index,f
1000,1.5,clustered,skycell_cs,5.271,1000,index,f
1000,1.5,clustered,q3c_join,7.38,1000,index,f
1000,1.5,clustered,pgsphere,16.716,1000,index,f
1000,1.5,clustered,skycell_join,5.702,1000,index,f
1000,5,clustered,skycell_cs,5.646,1012,index,f
1000,5,clustered,pgsphere,17.531,1012,index,f
1000,5,clustered,q3c_join,7.349,1012,index,f
1000,5,clustered,skycell_slots,8.431,1012,index,f
1000,5,clustered,skycell_join,5.055,1012,index,f
1000,0.5,clustered,skycell_join,4.655,1000,index,f
1000,0.5,clustered,q3c_join,6.849,1000,index,f
1000,0.5,clustered,pgsphere,22.767,1000,index,f
1000,0.5,clustered,skycell_cs,6.455,1000,index,f
1000,0.5,clustered,skycell_slots,7.938,1000,index,f
1000,1,clustered,skycell_cs,4.949,1000,index,f
1000,1,clustered,q3c_join,7.887,1000,index,f
1000,1,clustered,skycell_slots,7.313,1000,index,f
1000,1,clustered,pgsphere,17.194,1000,index,f
1000,1,clustered,skycell_join,5.01,1000,index,f
1000,1.5,clustered,skycell_join,5.22,1000,index,f
1000,1.5,clustered,q3c_join,7.083,1000,index,f
1000,1.5,clustered,skycell_slots,7.355,1000,index,f
1000,1.5,clustered,skycell_cs,4.78,1000,index,f
1000,1.5,clustered,pgsphere,16.085,1000,index,f
1000,5,clustered,q3c_join,7.041,1012,index,f
1000,5,clustered,skycell_cs,5.757,1012,index,f
1000,5,clustered,pgsphere,16.688,1012,index,f
1000,5,clustered,skycell_join,5.594,1012,index,f
1000,5,clustered,skycell_slots,7.521,1012,index,f
1000,0.5,clustered,skycell_join,4.908,1000,index,f
1000,0.5,clustered,pgsphere,16.817,1000,index,f
1000,0.5,clustered,q3c_join,8.008,1000,index,f
1000,0.5,clustered,skycell_cs,5.126,1000,index,f
1000,0.5,clustered,skycell_slots,7.967,1000,index,f
1000,1,clustered,skycell_slots,7.906,1000,index,f
1000,1,clustered,pgsphere,16.69,1000,index,f
1000,1,clustered,skycell_join,4.841,1000,index,f
1000,1,clustered,q3c_join,6.889,1000,index,f
1000,1,clustered,skycell_cs,4.776,1000,index,f
1000,1.5,clustered,skycell_cs,4.797,1000,index,f
1000,1.5,clustered,pgsphere,16.983,1000,index,f
1000,1.5,clustered,q3c_join,6.979,1000,index,f
1000,1.5,clustered,skycell_join,5.645,1000,index,f
1000,1.5,clustered,skycell_slots,7.363,1000,index,f
1000,5,clustered,q3c_join,6.682,1012,index,f
1000,5,clustered,pgsphere,16.667,1012,index,f
1000,5,clustered,skycell_join,6.068,1012,index,f
1000,5,clustered,skycell_slots,8.323,1012,index,f
1000,5,clustered,skycell_cs,5.012,1012,index,f
10000,0.5,clustered,skycell_join,71.028,10000,index,f
10000,0.5,clustered,pgsphere,217.187,10000,index,f
10000,0.5,clustered,q3c_join,85.593,10000,index,f
10000,0.5,clustered,skycell_slots,91.077,10000,index,f
10000,0.5,clustered,skycell_cs,67.82,10000,index,f
10000,1,clustered,pgsphere,247.948,10002,index,f
10000,1,clustered,q3c_join,92.397,10002,index,f
10000,1,clustered,skycell_join,76.407,10002,index,f
10000,1,clustered,skycell_slots,100.662,10002,index,f
10000,1,clustered,skycell_cs,77.433,10002,index,f
10000,1.5,clustered,skycell_join,75.902,10005,index,f
10000,1.5,clustered,q3c_join,99.656,10005,index,f
10000,1.5,clustered,skycell_slots,95.838,10005,index,f
10000,1.5,clustered,skycell_cs,67.794,10005,index,f
10000,1.5,clustered,pgsphere,173.957,10005,index,f
10000,5,clustered,skycell_slots,103.646,10094,index,f
10000,5,clustered,pgsphere,256.674,10094,index,f
10000,5,clustered,q3c_join,104.079,10094,index,f
10000,5,clustered,skycell_cs,88.902,10094,index,f
10000,5,clustered,skycell_join,85.953,10094,index,f
10000,0.5,clustered,skycell_join,79.127,10000,index,f
10000,0.5,clustered,skycell_cs,80.021,10000,index,f
10000,0.5,clustered,skycell_slots,145.548,10000,index,f
10000,0.5,clustered,pgsphere,223.908,10000,index,f
10000,0.5,clustered,q3c_join,125.599,10000,index,f
10000,1,clustered,skycell_cs,103.626,10002,index,f
10000,1,clustered,skycell_slots,104.437,10002,index,f
10000,1,clustered,pgsphere,265.166,10002,index,f
10000,1,clustered,skycell_join,70.368,10002,index,f
10000,1,clustered,q3c_join,88.255,10002,index,f
10000,1.5,clustered,skycell_slots,108.028,10005,index,f
10000,1.5,clustered,q3c_join,92.371,10005,index,f
10000,1.5,clustered,pgsphere,195.6,10005,index,f
10000,1.5,clustered,skycell_join,73.945,10005,index,f
10000,1.5,clustered,skycell_cs,73.679,10005,index,f
10000,5,clustered,pgsphere,197.98,10094,index,f
10000,5,clustered,skycell_cs,71.153,10094,index,f
10000,5,clustered,skycell_slots,106.577,10094,index,f
10000,5,clustered,q3c_join,87.788,10094,index,f
10000,5,clustered,skycell_join,82.693,10094,index,f
10000,0.5,clustered,q3c_join,87.961,10000,index,f
10000,0.5,clustered,skycell_join,72.311,10000,index,f
10000,0.5,clustered,pgsphere,168.873,10000,index,f
10000,0.5,clustered,skycell_slots,97.451,10000,index,f
10000,0.5,clustered,skycell_cs,82.868,10000,index,f
10000,1,clustered,q3c_join,83.67,10002,index,f
10000,1,clustered,skycell_cs,65.947,10002,index,f
10000,1,clustered,pgsphere,179.631,10002,index,f
10000,1,clustered,skycell_slots,90.912,10002,index,f
10000,1,clustered,skycell_join,74.005,10002,index,f
10000,1.5,clustered,skycell_cs,74.274,10005,index,f
10000,1.5,clustered,q3c_join,91.29,10005,index,f
10000,1.5,clustered,pgsphere,197.981,10005,index,f
10000,1.5,clustered,skycell_slots,92.733,10005,index,f
10000,1.5,clustered,skycell_join,69.069,10005,index,f
10000,5,clustered,q3c_join,82.662,10094,index,f
10000,5,clustered,pgsphere,188.854,10094,index,f
10000,5,clustered,skycell_join,74.719,10094,index,f
10000,5,clustered,skycell_slots,118.104,10094,index,f
10000,5,clustered,skycell_cs,78.302,10094,index,f
100000,0.5,clustered,pgsphere,2315.939,100002,index,f
100000,0.5,clustered,skycell_cs,771.781,100002,index,f
100000,0.5,clustered,skycell_join,750.981,100002,index,f
100000,0.5,clustered,q3c_join,840.434,100002,index,f
100000,0.5,clustered,skycell_slots,968.597,100002,index,f
100000,1,clustered,skycell_slots,1074.824,100025,index,f
100000,1,clustered,skycell_join,680.399,100025,index,f
100000,1,clustered,pgsphere,1953.927,100025,index,f
100000,1,clustered,q3c_join,915.413,100025,index,f
100000,1,clustered,skycell_cs,749.868,100025,index,f
100000,1.5,clustered,skycell_slots,962.254,100090,index,f
100000,1.5,clustered,pgsphere,1976.371,100090,index,f
100000,1.5,clustered,q3c_join,909.797,100090,index,f
100000,1.5,clustered,skycell_cs,750.319,100090,index,f
100000,1.5,clustered,skycell_join,743.09,100090,index,f
100000,5,clustered,skycell_slots,1018.932,101106,index,f
100000,5,clustered,q3c_join,824.43,101106,index,f
100000,5,clustered,skycell_cs,861.604,101106,index,f
100000,5,clustered,skycell_join,774.038,101106,index,f
100000,5,clustered,pgsphere,1963.463,101106,index,f
100000,0.5,clustered,pgsphere,1738.794,100002,index,f
100000,0.5,clustered,skycell_join,700.263,100002,index,f
100000,0.5,clustered,skycell_slots,971.236,100002,index,f
100000,0.5,clustered,skycell_cs,688.734,100002,index,f
100000,0.5,clustered,q3c_join,844.083,100002,index,f
100000,1,clustered,skycell_cs,724.608,100025,index,f
100000,1,clustered,pgsphere,2052.682,100025,index,f
100000,1,clustered,q3c_join,831.393,100025,index,f
100000,1,clustered,skycell_slots,1110.638,100025,index,f
100000,1,clustered,skycell_join,769.287,100025,index,f
100000,1.5,clustered,pgsphere,1856.405,100090,index,f
100000,1.5,clustered,skycell_cs,805.028,100090,index,f
100000,1.5,clustered,skycell_slots,1044.293,100090,index,f
100000,1.5,clustered,q3c_join,893.352,100090,index,f
100000,1.5,clustered,skycell_join,754.883,100090,index,f
100000,5,clustered,skycell_join,746.282,101106,index,f
100000,5,clustered,skycell_cs,792.128,101106,index,f
100000,5,clustered,pgsphere,2142.949,101106,index,f
100000,5,clustered,skycell_slots,1009.92,101106,index,f
100000,5,clustered,q3c_join,913.008,101106,index,f
100000,0.5,clustered,skycell_join,702.839,100002,index,f
100000,0.5,clustered,skycell_slots,936.283,100002,index,f
100000,0.5,clustered,pgsphere,2103.325,100002,index,f
100000,0.5,clustered,q3c_join,809.079,100002,index,f
100000,0.5,clustered,skycell_cs,817.229,100002,index,f
100000,1,clustered,skycell_slots,1095.925,100025,index,f
100000,1,clustered,skycell_cs,684.275,100025,index,f
100000,1,clustered,skycell_join,697.427,100025,index,f
100000,1,clustered,pgsphere,2055.347,100025,index,f
100000,1,clustered,q3c_join,924.705,100025,index,f
100000,1.5,clustered,skycell_cs,702.411,100090,index,f
100000,1.5,clustered,q3c_join,825.87,100090,index,f
100000,1.5,clustered,skycell_slots,1143.759,100090,index,f
100000,1.5,clustered,skycell_join,751.566,100090,index,f
100000,1.5,clustered,pgsphere,1875.896,100090,index,f
100000,5,clustered,skycell_join,762.784,101106,index,f
100000,5,clustered,q3c_join,940.107,101106,index,f
100000,5,clustered,skycell_cs,788.005,101106,index,f
100000,5,clustered,pgsphere,2202.072,101106,index,f
100000,5,clustered,skycell_slots,1242.214,101106,index,f
1000,0.5,uniform,skycell_cs,5.179,0,index,f
1000,0.5,uniform,skycell_slots,6.98,0,index,f
1000,0.5,uniform,skycell_join,4.249,0,index,f
1000,0.5,uniform,q3c_join,6.076,0,index,f
1000,0.5,uniform,pgsphere,14.962,0,index,f
1000,1,uniform,q3c_join,5.979,0,index,f
1000,1,uniform,skycell_cs,4.872,0,index,f
1000,1,uniform,skycell_join,4.351,0,index,f
1000,1,uniform,pgsphere,14.601,0,index,f
1000,1,uniform,skycell_slots,7.845,0,index,f
1000,1.5,uniform,pgsphere,14.085,0,index,f
1000,1.5,uniform,skycell_slots,7.794,0,index,f
1000,1.5,uniform,skycell_cs,4.263,0,index,f
1000,1.5,uniform,q3c_join,5.879,0,index,f
1000,1.5,uniform,skycell_join,4.189,0,index,f
1000,5,uniform,skycell_slots,7.048,1,index,f
1000,5,uniform,pgsphere,14.425,1,index,f
1000,5,uniform,skycell_cs,4.958,1,index,f
1000,5,uniform,q3c_join,6.185,1,index,f
1000,5,uniform,skycell_join,4.719,1,index,f
1000,0.5,uniform,pgsphere,14.171,0,index,f
1000,0.5,uniform,skycell_slots,7.393,0,index,f
1000,0.5,uniform,skycell_join,4.075,0,index,f
1000,0.5,uniform,skycell_cs,3.923,0,index,f
1000,0.5,uniform,q3c_join,5.911,0,index,f
1000,1,uniform,skycell_slots,6.975,0,index,f
1000,1,uniform,skycell_join,3.842,0,index,f
1000,1,uniform,skycell_cs,3.65,0,index,f
1000,1,uniform,q3c_join,5.527,0,index,f
1000,1,uniform,pgsphere,15.454,0,index,f
1000,1.5,uniform,pgsphere,16.772,0,index,f
1000,1.5,uniform,skycell_join,5.214,0,index,f
1000,1.5,uniform,q3c_join,6.64,0,index,f
1000,1.5,uniform,skycell_cs,4.689,0,index,f
1000,1.5,uniform,skycell_slots,8.692,0,index,f
1000,5,uniform,q3c_join,6.664,1,index,f
1000,5,uniform,skycell_slots,7.474,1,index,f
1000,5,uniform,skycell_cs,4.373,1,index,f
1000,5,uniform,skycell_join,4.44,1,index,f
1000,5,uniform,pgsphere,14.615,1,index,f
1000,0.5,uniform,skycell_slots,7.45,0,index,f
1000,0.5,uniform,q3c_join,6.31,0,index,f
1000,0.5,uniform,skycell_cs,4.386,0,index,f
1000,0.5,uniform,skycell_join,3.977,0,index,f
1000,0.5,uniform,pgsphere,14.778,0,index,f
1000,1,uniform,q3c_join,5.936,0,index,f
1000,1,uniform,skycell_slots,7.639,0,index,f
1000,1,uniform,pgsphere,14.942,0,index,f
1000,1,uniform,skycell_join,4.657,0,index,f
1000,1,uniform,skycell_cs,4.102,0,index,f
1000,1.5,uniform,skycell_join,4.074,0,index,f
1000,1.5,uniform,pgsphere,15.384,0,index,f
1000,1.5,uniform,q3c_join,6.659,0,index,f
1000,1.5,uniform,skycell_cs,4.991,0,index,f
1000,1.5,uniform,skycell_slots,7.401,0,index,f
1000,5,uniform,skycell_slots,7.231,1,index,f
1000,5,uniform,pgsphere,15.249,1,index,f
1000,5,uniform,skycell_join,5.619,1,index,f
1000,5,uniform,skycell_cs,4.769,1,index,f
1000,5,uniform,q3c_join,6.509,1,index,f
10000,0.5,uniform,q3c_join,59.543,0,index,f
10000,0.5,uniform,skycell_cs,48.754,0,index,f
10000,0.5,uniform,pgsphere,135.446,0,index,f
10000,0.5,uniform,skycell_join,45.658,0,index,f
10000,0.5,uniform,skycell_slots,62.686,0,index,f
10000,1,uniform,q3c_join,74.692,4,index,f
10000,1,uniform,skycell_join,54.398,4,index,f
10000,1,uniform,skycell_cs,44.768,4,index,f
10000,1,uniform,pgsphere,164.688,4,index,f
10000,1,uniform,skycell_slots,71.177,4,index,f
10000,1.5,uniform,q3c_join,52.715,4,index,f
10000,1.5,uniform,skycell_cs,44.481,4,index,f
10000,1.5,uniform,pgsphere,131.953,4,index,f
10000,1.5,uniform,skycell_join,43.834,4,index,f
10000,1.5,uniform,skycell_slots,105.439,4,index,f
10000,5,uniform,q3c_join,50.362,18,index,f
10000,5,uniform,skycell_cs,44.186,18,index,f
10000,5,uniform,skycell_slots,65.803,18,index,f
10000,5,uniform,pgsphere,121.268,18,index,f
10000,5,uniform,skycell_join,43.126,18,index,f
10000,0.5,uniform,skycell_cs,41.953,0,index,f
10000,0.5,uniform,pgsphere,146.051,0,index,f
10000,0.5,uniform,skycell_join,46.035,0,index,f
10000,0.5,uniform,q3c_join,54.517,0,index,f
10000,0.5,uniform,skycell_slots,88.235,0,index,f
10000,1,uniform,skycell_slots,71.684,4,index,f
10000,1,uniform,q3c_join,60.382,4,index,f
10000,1,uniform,pgsphere,145.714,4,index,f
10000,1,uniform,skycell_cs,43.663,4,index,f
10000,1,uniform,skycell_join,42.555,4,index,f
10000,1.5,uniform,skycell_slots,68.507,4,index,f
10000,1.5,uniform,skycell_cs,43.431,4,index,f
10000,1.5,uniform,q3c_join,56.286,4,index,f
10000,1.5,uniform,skycell_join,42.077,4,index,f
10000,1.5,uniform,pgsphere,133.599,4,index,f
10000,5,uniform,skycell_cs,46.717,18,index,f
10000,5,uniform,skycell_join,44.617,18,index,f
10000,5,uniform,skycell_slots,66.739,18,index,f
10000,5,uniform,q3c_join,51.055,18,index,f
10000,5,uniform,pgsphere,161.094,18,index,f
10000,0.5,uniform,q3c_join,51.778,0,index,f
10000,0.5,uniform,skycell_join,44.524,0,index,f
10000,0.5,uniform,pgsphere,146.552,0,index,f
10000,0.5,uniform,skycell_cs,44.207,0,index,f
10000,0.5,uniform,skycell_slots,61.84,0,index,f
10000,1,uniform,q3c_join,47.477,4,index,f
10000,1,uniform,skycell_join,40.015,4,index,f
10000,1,uniform,pgsphere,121.895,4,index,f
10000,1,uniform,skycell_slots,61.871,4,index,f
10000,1,uniform,skycell_cs,38.089,4,index,f
10000,1.5,uniform,pgsphere,132.188,4,index,f
10000,1.5,uniform,skycell_join,41.808,4,index,f
10000,1.5,uniform,skycell_cs,40.107,4,index,f
10000,1.5,uniform,skycell_slots,59.786,4,index,f
10000,1.5,uniform,q3c_join,47.51,4,index,f
10000,5,uniform,skycell_slots,63.292,18,index,f
10000,5,uniform,pgsphere,123.573,18,index,f
10000,5,uniform,skycell_join,43.191,18,index,f
10000,5,uniform,q3c_join,47.243,18,index,f
10000,5,uniform,skycell_cs,43.153,18,index,f
100000,0.5,uniform,skycell_join,447.807,2,index,f
100000,0.5,uniform,skycell_slots,747.997,2,index,f
100000,0.5,uniform,pgsphere,1567.715,2,index,f
100000,0.5,uniform,skycell_cs,469.584,2,index,f
100000,0.5,uniform,q3c_join,579.175,2,index,f
100000,1,uniform,q3c_join,571.076,7,index,f
100000,1,uniform,skycell_slots,811.997,7,index,f
100000,1,uniform,skycell_join,499.991,7,index,f
100000,1,uniform,skycell_cs,500.131,7,index,f
100000,1,uniform,pgsphere,1355.75,7,index,f
100000,1.5,uniform,skycell_cs,452.106,12,index,f
100000,1.5,uniform,q3c_join,505.458,12,index,f
100000,1.5,uniform,skycell_join,482.243,12,index,f
100000,1.5,uniform,pgsphere,1737.205,12,index,f
100000,1.5,uniform,skycell_slots,757.248,12,index,f
100000,5,uniform,skycell_cs,560.223,118,index,f
100000,5,uniform,pgsphere,1522.482,118,index,f
100000,5,uniform,q3c_join,651.233,118,index,f
100000,5,uniform,skycell_join,469.3,118,index,f
100000,5,uniform,skycell_slots,775.807,118,index,f
100000,0.5,uniform,q3c_join,547.331,2,index,f
100000,0.5,uniform,pgsphere,1523.653,2,index,f
100000,0.5,uniform,skycell_cs,457.661,2,index,f
100000,0.5,uniform,skycell_join,443.801,2,index,f
100000,0.5,uniform,skycell_slots,705.644,2,index,f
100000,1,uniform,q3c_join,587.444,7,index,f
100000,1,uniform,pgsphere,1516.691,7,index,f
100000,1,uniform,skycell_slots,768.069,7,index,f
100000,1,uniform,skycell_cs,586.737,7,index,f
100000,1,uniform,skycell_join,457.418,7,index,f
100000,1.5,uniform,skycell_cs,434.296,12,index,f
100000,1.5,uniform,pgsphere,1436.968,12,index,f
100000,1.5,uniform,skycell_slots,734.676,12,index,f
100000,1.5,uniform,skycell_join,663.064,12,index,f
100000,1.5,uniform,q3c_join,619.331,12,index,f
100000,5,uniform,skycell_cs,484.089,118,index,f
100000,5,uniform,skycell_join,474.55,118,index,f
100000,5,uniform,q3c_join,551.552,118,index,f
100000,5,uniform,pgsphere,1514.299,118,index,f
100000,5,uniform,skycell_slots,777.549,118,index,f
100000,0.5,uniform,skycell_cs,427.286,2,index,f
100000,0.5,uniform,skycell_join,429.548,2,index,f
100000,0.5,uniform,q3c_join,565.435,2,index,f
100000,0.5,uniform,pgsphere,1378.401,2,index,f
100000,0.5,uniform,skycell_slots,616.461,2,index,f
100000,1,uniform,pgsphere,1549.932,7,index,f
100000,1,uniform,skycell_cs,470.092,7,index,f
100000,1,uniform,skycell_slots,812.892,7,index,f
100000,1,uniform,skycell_join,431.204,7,index,f
100000,1,uniform,q3c_join,542.324,7,index,f
100000,1.5,uniform,pgsphere,1443.603,12,index,f
100000,1.5,uniform,q3c_join,568.728,12,index,f
100000,1.5,uniform,skycell_slots,706.181,12,index,f
100000,1.5,uniform,skycell_cs,550.247,12,index,f
100000,1.5,uniform,skycell_join,468.916,12,index,f
100000,5,uniform,skycell_slots,779.702,118,index,f
100000,5,uniform,skycell_join,480.306,118,index,f
100000,5,uniform,pgsphere,1505.847,118,index,f
100000,5,uniform,skycell_cs,443.03,118,index,f
100000,5,uniform,q3c_join,493.382,118,index,f
